category,seed,fraction,n_fit,split,path,label,defect,mask
bottle,42,1.0,146,fit,/kaggle/input/datasets/ipythonx/mvtec-ad/bottle/train/good/104.png,0,good,
bottle,42,1.0,146,fit,/kaggle/input/datasets/ipythonx/mvtec-ad/bottle/train/good/207.png,0,good,
bottle,42,1.0,146,fit,/kaggle/input/datasets/ipythonx/mvtec-ad/bottle/train/good/081.png,0,good,
bottle,42,1.0,146,fit,/kaggle/input/datasets/ipythonx/mvtec-ad/bottle/train/good/087.png,0,good,
bottle,42,1.0,146,fit,/kaggle/input/datasets/ipythonx/mvtec-ad/bottle/train/good/088.png,0,good,
bottle,42,1.0,146,fit,/kaggle/input/datasets/ipythonx/mvtec-ad/bottle/train/good/208.png,0,good,
bottle,42,1.0,146,fit,/kaggle/input/datasets/ipythonx/mvtec-ad/bottle/train/good/090.png,0,good,
bottle,42,1.0,146,fit,/kaggle/input/datasets/ipythonx/mvtec-ad/bottle/train/good/130.png,0,good,
bottle,42,1.0,146,fit,/kaggle/input/datasets/ipythonx/mvtec-ad/bottle/train/good/103.png,0,good,
bottle,42,1.0,146,fit,/kaggle/input/datasets/ipythonx/mvtec-ad/bottle/train/good/143.png,0,good,
bottle,42,1.0,146,fit,/kaggle/input/datasets/ipythonx/mvtec-ad/bottle/train/good/096.png,0,good,
bottle,42,1.0,146,fit,/kaggle/input/datasets/ipythonx/mvtec-ad/bottle/train/good/161.png,0,good,
bottle,42,1.0,146,fit,/kaggle/input/datasets/ipythonx/mvtec-ad/bottle/train/good/152.png,0,good,
bottle,42,1.0,146,fit,/kaggle/input/datasets/ipythonx/mvtec-ad/bottle/train/good/169.png,0,good,
bottle,42,1.0,146,fit,/kaggle/input/datasets/ipythonx/mvtec-ad/bottle/train/good/185.png,0,good,
bottle,42,1.0,146,fit,/kaggle/input/datasets/ipythonx/mvtec-ad/bottle/train/good/133.png,0,good,
bottle,42,1.0,146,fit,/kaggle/input/datasets/ipythonx/mvtec-ad/bottle/train/good/200.png,0,good,
bottle,42,1.0,146,fit,/kaggle/input/datasets/ipythonx/mvtec-ad/bottle/train/good/082.png,0,good,
bottle,42,1.0,146,fit,/kaggle/input/datasets/ipythonx/mvtec-ad/bottle/train/good/195.png,0,good,
bottle,42,1.0,146,fit,/kaggle/input/datasets/ipythonx/mvtec-ad/bottle/train/good/013.png,0,good,
bottle,42,1.0,146,fit,/kaggle/input/datasets/ipythonx/mvtec-ad/bottle/train/good/100.png,0,good,
bottle,42,1.0,146,fit,/kaggle/input/datasets/ipythonx/mvtec-ad/bottle/train/good/091.png,0,good,
bottle,42,1.0,146,fit,/kaggle/input/datasets/ipythonx/mvtec-ad/bottle/train/good/051.png,0,good,
bottle,42,1.0,146,fit,/kaggle/input/datasets/ipythonx/mvtec-ad/bottle/train/good/154.png,0,good,
bottle,42,1.0,146,fit,/kaggle/input/datasets/ipythonx/mvtec-ad/bottle/train/good/095.png,0,good,
bottle,42,1.0,146,fit,/kaggle/input/datasets/ipythonx/mvtec-ad/bottle/train/good/108.png,0,good,
bottle,42,1.0,146,fit,/kaggle/input/datasets/ipythonx/mvtec-ad/bottle/train/good/070.png,0,good,
bottle,42,1.0,146,fit,/kaggle/input/datasets/ipythonx/mvtec-ad/bottle/train/good/048.png,0,good,
bottle,42,1.0,146,fit,/kaggle/input/datasets/ipythonx/mvtec-ad/bottle/train/good/198.png,0,good,
bottle,42,1.0,146,fit,/kaggle/input/datasets/ipythonx/mvtec-ad/bottle/train/good/201.png,0,good,
bottle,42,1.0,146,fit,/kaggle/input/datasets/ipythonx/mvtec-ad/bottle/train/good/085.png,0,good,
bottle,42,1.0,146,fit,/kaggle/input/datasets/ipythonx/mvtec-ad/bottle/train/good/080.png,0,good,
bottle,42,1.0,146,fit,/kaggle/input/datasets/ipythonx/mvtec-ad/bottle/train/good/186.png,0,good,
bottle,42,1.0,146,fit,/kaggle/input/datasets/ipythonx/mvtec-ad/bottle/train/good/123.png,0,good,
bottle,42,1.0,146,fit,/kaggle/input/datasets/ipythonx/mvtec-ad/bottle/train/good/189.png,0,good,
bottle,42,1.0,146,fit,/kaggle/input/datasets/ipythonx/mvtec-ad/bottle/train/good/092.png,0,good,
bottle,42,1.0,146,fit,/kaggle/input/datasets/ipythonx/mvtec-ad/bottle/train/good/172.png,0,good,
bottle,42,1.0,146,fit,/kaggle/input/datasets/ipythonx/mvtec-ad/bottle/train/good/099.png,0,good,
bottle,42,1.0,146,fit,/kaggle/input/datasets/ipythonx/mvtec-ad/bottle/train/good/027.png,0,good,
bottle,42,1.0,146,fit,/kaggle/input/datasets/ipythonx/mvtec-ad/bottle/train/good/062.png,0,good,
bottle,42,1.0,146,fit,/kaggle/input/datasets/ipythonx/mvtec-ad/bottle/train/good/204.png,0,good,
bottle,42,1.0,146,fit,/kaggle/input/datasets/ipythonx/mvtec-ad/bottle/train/good/012.png,0,good,
bottle,42,1.0,146,fit,/kaggle/input/datasets/ipythonx/mvtec-ad/bottle/train/good/093.png,0,good,
bottle,42,1.0,146,fit,/kaggle/input/datasets/ipythonx/mvtec-ad/bottle/train/good/079.png,0,good,
bottle,42,1.0,146,fit,/kaggle/input/datasets/ipythonx/mvtec-ad/bottle/train/good/168.png,0,good,
bottle,42,1.0,146,fit,/kaggle/input/datasets/ipythonx/mvtec-ad/bottle/train/good/042.png,0,good,
bottle,42,1.0,146,fit,/kaggle/input/datasets/ipythonx/mvtec-ad/bottle/train/good/180.png,0,good,
bottle,42,1.0,146,fit,/kaggle/input/datasets/ipythonx/mvtec-ad/bottle/train/good/039.png,0,good,
bottle,42,1.0,146,fit,/kaggle/input/datasets/ipythonx/mvtec-ad/bottle/train/good/052.png,0,good,
bottle,42,1.0,146,fit,/kaggle/input/datasets/ipythonx/mvtec-ad/bottle/train/good/026.png,0,good,
bottle,42,1.0,146,fit,/kaggle/input/datasets/ipythonx/mvtec-ad/bottle/train/good/024.png,0,good,
bottle,42,1.0,146,fit,/kaggle/input/datasets/ipythonx/mvtec-ad/bottle/train/good/196.png,0,good,
bottle,42,1.0,146,fit,/kaggle/input/datasets/ipythonx/mvtec-ad/bottle/train/good/203.png,0,good,
bottle,42,1.0,146,fit,/kaggle/input/datasets/ipythonx/mvtec-ad/bottle/train/good/202.png,0,good,
bottle,42,1.0,146,fit,/kaggle/input/datasets/ipythonx/mvtec-ad/bottle/train/good/171.png,0,good,
bottle,42,1.0,146,fit,/kaggle/input/datasets/ipythonx/mvtec-ad/bottle/train/good/146.png,0,good,
bottle,42,1.0,146,fit,/kaggle/input/datasets/ipythonx/mvtec-ad/bottle/train/good/046.png,0,good,
bottle,42,1.0,146,fit,/kaggle/input/datasets/ipythonx/mvtec-ad/bottle/train/good/121.png,0,good,
bottle,42,1.0,146,fit,/kaggle/input/datasets/ipythonx/mvtec-ad/bottle/train/good/073.png,0,good,
bottle,42,1.0,146,fit,/kaggle/input/datasets/ipythonx/mvtec-ad/bottle/train/good/025.png,0,good,
bottle,42,1.0,146,fit,/kaggle/input/datasets/ipythonx/mvtec-ad/bottle/train/good/045.png,0,good,
bottle,42,1.0,146,fit,/kaggle/input/datasets/ipythonx/mvtec-ad/bottle/train/good/111.png,0,good,
bottle,42,1.0,146,fit,/kaggle/input/datasets/ipythonx/mvtec-ad/bottle/train/good/117.png,0,good,
bottle,42,1.0,146,fit,/kaggle/input/datasets/ipythonx/mvtec-ad/bottle/train/good/131.png,0,good,
bottle,42,1.0,146,fit,/kaggle/input/datasets/ipythonx/mvtec-ad/bottle/train/good/055.png,0,good,
bottle,42,1.0,146,fit,/kaggle/input/datasets/ipythonx/mvtec-ad/bottle/train/good/151.png,0,good,
bottle,42,1.0,146,fit,/kaggle/input/datasets/ipythonx/mvtec-ad/bottle/train/good/067.png,0,good,
bottle,42,1.0,146,fit,/kaggle/input/datasets/ipythonx/mvtec-ad/bottle/train/good/028.png,0,good,
bottle,42,1.0,146,fit,/kaggle/input/datasets/ipythonx/mvtec-ad/bottle/train/good/145.png,0,good,
bottle,42,1.0,146,fit,/kaggle/input/datasets/ipythonx/mvtec-ad/bottle/train/good/107.png,0,good,
bottle,42,1.0,146,fit,/kaggle/input/datasets/ipythonx/mvtec-ad/bottle/train/good/177.png,0,good,
bottle,42,1.0,146,fit,/kaggle/input/datasets/ipythonx/mvtec-ad/bottle/train/good/159.png,0,good,
bottle,42,1.0,146,fit,/kaggle/input/datasets/ipythonx/mvtec-ad/bottle/train/good/065.png,0,good,
bottle,42,1.0,146,fit,/kaggle/input/datasets/ipythonx/mvtec-ad/bottle/train/good/125.png,0,good,
bottle,42,1.0,146,fit,/kaggle/input/datasets/ipythonx/mvtec-ad/bottle/train/good/020.png,0,good,
bottle,42,1.0,146,fit,/kaggle/input/datasets/ipythonx/mvtec-ad/bottle/train/good/001.png,0,good,
bottle,42,1.0,146,fit,/kaggle/input/datasets/ipythonx/mvtec-ad/bottle/train/good/050.png,0,good,
bottle,42,1.0,146,fit,/kaggle/input/datasets/ipythonx/mvtec-ad/bottle/train/good/089.png,0,good,
bottle,42,1.0,146,fit,/kaggle/input/datasets/ipythonx/mvtec-ad/bottle/train/good/119.png,0,good,
bottle,42,1.0,146,fit,/kaggle/input/datasets/ipythonx/mvtec-ad/bottle/train/good/005.png,0,good,
bottle,42,1.0,146,fit,/kaggle/input/datasets/ipythonx/mvtec-ad/bottle/train/good/033.png,0,good,
bottle,42,1.0,146,fit,/kaggle/input/datasets/ipythonx/mvtec-ad/bottle/train/good/138.png,0,good,
bottle,42,1.0,146,fit,/kaggle/input/datasets/ipythonx/mvtec-ad/bottle/train/good/147.png,0,good,
bottle,42,1.0,146,fit,/kaggle/input/datasets/ipythonx/mvtec-ad/bottle/train/good/071.png,0,good,
bottle,42,1.0,146,fit,/kaggle/input/datasets/ipythonx/mvtec-ad/bottle/train/good/118.png,0,good,
bottle,42,1.0,146,fit,/kaggle/input/datasets/ipythonx/mvtec-ad/bottle/train/good/000.png,0,good,
bottle,42,1.0,146,fit,/kaggle/input/datasets/ipythonx/mvtec-ad/bottle/train/good/176.png,0,good,
bottle,42,1.0,146,fit,/kaggle/input/datasets/ipythonx/mvtec-ad/bottle/train/good/004.png,0,good,
bottle,42,1.0,146,fit,/kaggle/input/datasets/ipythonx/mvtec-ad/bottle/train/good/126.png,0,good,
bottle,42,1.0,146,fit,/kaggle/input/datasets/ipythonx/mvtec-ad/bottle/train/good/066.png,0,good,
bottle,42,1.0,146,fit,/kaggle/input/datasets/ipythonx/mvtec-ad/bottle/train/good/135.png,0,good,
bottle,42,1.0,146,fit,/kaggle/input/datasets/ipythonx/mvtec-ad/bottle/train/good/007.png,0,good,
bottle,42,1.0,146,fit,/kaggle/input/datasets/ipythonx/mvtec-ad/bottle/train/good/059.png,0,good,
bottle,42,1.0,146,fit,/kaggle/input/datasets/ipythonx/mvtec-ad/bottle/train/good/150.png,0,good,
bottle,42,1.0,146,fit,/kaggle/input/datasets/ipythonx/mvtec-ad/bottle/train/good/187.png,0,good,
bottle,42,1.0,146,fit,/kaggle/input/datasets/ipythonx/mvtec-ad/bottle/train/good/101.png,0,good,
bottle,42,1.0,146,fit,/kaggle/input/datasets/ipythonx/mvtec-ad/bottle/train/good/149.png,0,good,
bottle,42,1.0,146,fit,/kaggle/input/datasets/ipythonx/mvtec-ad/bottle/train/good/155.png,0,good,
bottle,42,1.0,146,fit,/kaggle/input/datasets/ipythonx/mvtec-ad/bottle/train/good/157.png,0,good,
bottle,42,1.0,146,fit,/kaggle/input/datasets/ipythonx/mvtec-ad/bottle/train/good/003.png,0,good,
bottle,42,1.0,146,fit,/kaggle/input/datasets/ipythonx/mvtec-ad/bottle/train/good/021.png,0,good,
bottle,42,1.0,146,fit,/kaggle/input/datasets/ipythonx/mvtec-ad/bottle/train/good/037.png,0,good,
bottle,42,1.0,146,fit,/kaggle/input/datasets/ipythonx/mvtec-ad/bottle/train/good/098.png,0,good,
bottle,42,1.0,146,fit,/kaggle/input/datasets/ipythonx/mvtec-ad/bottle/train/good/056.png,0,good,
bottle,42,1.0,146,fit,/kaggle/input/datasets/ipythonx/mvtec-ad/bottle/train/good/083.png,0,good,
bottle,42,1.0,146,fit,/kaggle/input/datasets/ipythonx/mvtec-ad/bottle/train/good/148.png,0,good,
bottle,42,1.0,146,fit,/kaggle/input/datasets/ipythonx/mvtec-ad/bottle/train/good/063.png,0,good,
bottle,42,1.0,146,fit,/kaggle/input/datasets/ipythonx/mvtec-ad/bottle/train/good/072.png,0,good,
bottle,42,1.0,146,fit,/kaggle/input/datasets/ipythonx/mvtec-ad/bottle/train/good/054.png,0,good,
bottle,42,1.0,146,fit,/kaggle/input/datasets/ipythonx/mvtec-ad/bottle/train/good/008.png,0,good,
bottle,42,1.0,146,fit,/kaggle/input/datasets/ipythonx/mvtec-ad/bottle/train/good/184.png,0,good,
bottle,42,1.0,146,fit,/kaggle/input/datasets/ipythonx/mvtec-ad/bottle/train/good/132.png,0,good,
bottle,42,1.0,146,fit,/kaggle/input/datasets/ipythonx/mvtec-ad/bottle/train/good/197.png,0,good,
bottle,42,1.0,146,fit,/kaggle/input/datasets/ipythonx/mvtec-ad/bottle/train/good/002.png,0,good,
bottle,42,1.0,146,fit,/kaggle/input/datasets/ipythonx/mvtec-ad/bottle/train/good/183.png,0,good,
bottle,42,1.0,146,fit,/kaggle/input/datasets/ipythonx/mvtec-ad/bottle/train/good/124.png,0,good,
bottle,42,1.0,146,fit,/kaggle/input/datasets/ipythonx/mvtec-ad/bottle/train/good/156.png,0,good,
bottle,42,1.0,146,fit,/kaggle/input/datasets/ipythonx/mvtec-ad/bottle/train/good/029.png,0,good,
bottle,42,1.0,146,fit,/kaggle/input/datasets/ipythonx/mvtec-ad/bottle/train/good/078.png,0,good,
bottle,42,1.0,146,fit,/kaggle/input/datasets/ipythonx/mvtec-ad/bottle/train/good/153.png,0,good,
bottle,42,1.0,146,fit,/kaggle/input/datasets/ipythonx/mvtec-ad/bottle/train/good/144.png,0,good,
bottle,42,1.0,146,fit,/kaggle/input/datasets/ipythonx/mvtec-ad/bottle/train/good/074.png,0,good,
bottle,42,1.0,146,fit,/kaggle/input/datasets/ipythonx/mvtec-ad/bottle/train/good/094.png,0,good,
bottle,42,1.0,146,fit,/kaggle/input/datasets/ipythonx/mvtec-ad/bottle/train/good/134.png,0,good,
bottle,42,1.0,146,fit,/kaggle/input/datasets/ipythonx/mvtec-ad/bottle/train/good/170.png,0,good,
bottle,42,1.0,146,fit,/kaggle/input/datasets/ipythonx/mvtec-ad/bottle/train/good/120.png,0,good,
bottle,42,1.0,146,fit,/kaggle/input/datasets/ipythonx/mvtec-ad/bottle/train/good/173.png,0,good,
bottle,42,1.0,146,fit,/kaggle/input/datasets/ipythonx/mvtec-ad/bottle/train/good/009.png,0,good,
bottle,42,1.0,146,fit,/kaggle/input/datasets/ipythonx/mvtec-ad/bottle/train/good/199.png,0,good,
bottle,42,1.0,146,fit,/kaggle/input/datasets/ipythonx/mvtec-ad/bottle/train/good/068.png,0,good,
bottle,42,1.0,146,fit,/kaggle/input/datasets/ipythonx/mvtec-ad/bottle/train/good/038.png,0,good,
bottle,42,1.0,146,fit,/kaggle/input/datasets/ipythonx/mvtec-ad/bottle/train/good/112.png,0,good,
bottle,42,1.0,146,fit,/kaggle/input/datasets/ipythonx/mvtec-ad/bottle/train/good/166.png,0,good,
bottle,42,1.0,146,fit,/kaggle/input/datasets/ipythonx/mvtec-ad/bottle/train/good/106.png,0,good,
bottle,42,1.0,146,fit,/kaggle/input/datasets/ipythonx/mvtec-ad/bottle/train/good/018.png,0,good,
bottle,42,1.0,146,fit,/kaggle/input/datasets/ipythonx/mvtec-ad/bottle/train/good/084.png,0,good,
bottle,42,1.0,146,fit,/kaggle/input/datasets/ipythonx/mvtec-ad/bottle/train/good/128.png,0,good,
bottle,42,1.0,146,fit,/kaggle/input/datasets/ipythonx/mvtec-ad/bottle/train/good/032.png,0,good,
bottle,42,1.0,146,fit,/kaggle/input/datasets/ipythonx/mvtec-ad/bottle/train/good/086.png,0,good,
bottle,42,1.0,146,fit,/kaggle/input/datasets/ipythonx/mvtec-ad/bottle/train/good/127.png,0,good,
bottle,42,1.0,146,fit,/kaggle/input/datasets/ipythonx/mvtec-ad/bottle/train/good/010.png,0,good,
bottle,42,1.0,146,fit,/kaggle/input/datasets/ipythonx/mvtec-ad/bottle/train/good/115.png,0,good,
bottle,42,1.0,146,fit,/kaggle/input/datasets/ipythonx/mvtec-ad/bottle/train/good/116.png,0,good,
bottle,42,1.0,146,fit,/kaggle/input/datasets/ipythonx/mvtec-ad/bottle/train/good/075.png,0,good,
bottle,42,1.0,146,fit,/kaggle/input/datasets/ipythonx/mvtec-ad/bottle/train/good/114.png,0,good,
bottle,42,1.0,146,fit,/kaggle/input/datasets/ipythonx/mvtec-ad/bottle/train/good/206.png,0,good,
bottle,42,1.0,146,validation,/kaggle/input/datasets/ipythonx/mvtec-ad/bottle/train/good/122.png,0,good,
bottle,42,1.0,146,validation,/kaggle/input/datasets/ipythonx/mvtec-ad/bottle/train/good/017.png,0,good,
bottle,42,1.0,146,validation,/kaggle/input/datasets/ipythonx/mvtec-ad/bottle/train/good/190.png,0,good,
bottle,42,1.0,146,validation,/kaggle/input/datasets/ipythonx/mvtec-ad/bottle/train/good/053.png,0,good,
bottle,42,1.0,146,validation,/kaggle/input/datasets/ipythonx/mvtec-ad/bottle/train/good/076.png,0,good,
bottle,42,1.0,146,validation,/kaggle/input/datasets/ipythonx/mvtec-ad/bottle/train/good/165.png,0,good,
bottle,42,1.0,146,validation,/kaggle/input/datasets/ipythonx/mvtec-ad/bottle/train/good/040.png,0,good,
bottle,42,1.0,146,validation,/kaggle/input/datasets/ipythonx/mvtec-ad/bottle/train/good/069.png,0,good,
bottle,42,1.0,146,validation,/kaggle/input/datasets/ipythonx/mvtec-ad/bottle/train/good/174.png,0,good,
bottle,42,1.0,146,validation,/kaggle/input/datasets/ipythonx/mvtec-ad/bottle/train/good/129.png,0,good,
bottle,42,1.0,146,validation,/kaggle/input/datasets/ipythonx/mvtec-ad/bottle/train/good/158.png,0,good,
bottle,42,1.0,146,validation,/kaggle/input/datasets/ipythonx/mvtec-ad/bottle/train/good/105.png,0,good,
bottle,42,1.0,146,validation,/kaggle/input/datasets/ipythonx/mvtec-ad/bottle/train/good/162.png,0,good,
bottle,42,1.0,146,validation,/kaggle/input/datasets/ipythonx/mvtec-ad/bottle/train/good/011.png,0,good,
bottle,42,1.0,146,validation,/kaggle/input/datasets/ipythonx/mvtec-ad/bottle/train/good/142.png,0,good,
bottle,42,1.0,146,validation,/kaggle/input/datasets/ipythonx/mvtec-ad/bottle/train/good/043.png,0,good,
bottle,42,1.0,146,validation,/kaggle/input/datasets/ipythonx/mvtec-ad/bottle/train/good/179.png,0,good,
bottle,42,1.0,146,validation,/kaggle/input/datasets/ipythonx/mvtec-ad/bottle/train/good/160.png,0,good,
bottle,42,1.0,146,validation,/kaggle/input/datasets/ipythonx/mvtec-ad/bottle/train/good/061.png,0,good,
bottle,42,1.0,146,validation,/kaggle/input/datasets/ipythonx/mvtec-ad/bottle/train/good/057.png,0,good,
bottle,42,1.0,146,validation,/kaggle/input/datasets/ipythonx/mvtec-ad/bottle/train/good/167.png,0,good,
bottle,42,1.0,146,validation,/kaggle/input/datasets/ipythonx/mvtec-ad/bottle/train/good/023.png,0,good,
bottle,42,1.0,146,validation,/kaggle/input/datasets/ipythonx/mvtec-ad/bottle/train/good/164.png,0,good,
bottle,42,1.0,146,validation,/kaggle/input/datasets/ipythonx/mvtec-ad/bottle/train/good/178.png,0,good,
bottle,42,1.0,146,validation,/kaggle/input/datasets/ipythonx/mvtec-ad/bottle/train/good/015.png,0,good,
bottle,42,1.0,146,validation,/kaggle/input/datasets/ipythonx/mvtec-ad/bottle/train/good/060.png,0,good,
bottle,42,1.0,146,validation,/kaggle/input/datasets/ipythonx/mvtec-ad/bottle/train/good/109.png,0,good,
bottle,42,1.0,146,validation,/kaggle/input/datasets/ipythonx/mvtec-ad/bottle/train/good/137.png,0,good,
bottle,42,1.0,146,validation,/kaggle/input/datasets/ipythonx/mvtec-ad/bottle/train/good/031.png,0,good,
bottle,42,1.0,146,validation,/kaggle/input/datasets/ipythonx/mvtec-ad/bottle/train/good/016.png,0,good,
bottle,42,1.0,146,validation,/kaggle/input/datasets/ipythonx/mvtec-ad/bottle/train/good/044.png,0,good,
bottle,42,1.0,146,calibration,/kaggle/input/datasets/ipythonx/mvtec-ad/bottle/train/good/192.png,0,good,
bottle,42,1.0,146,calibration,/kaggle/input/datasets/ipythonx/mvtec-ad/bottle/train/good/188.png,0,good,
bottle,42,1.0,146,calibration,/kaggle/input/datasets/ipythonx/mvtec-ad/bottle/train/good/034.png,0,good,
bottle,42,1.0,146,calibration,/kaggle/input/datasets/ipythonx/mvtec-ad/bottle/train/good/030.png,0,good,
bottle,42,1.0,146,calibration,/kaggle/input/datasets/ipythonx/mvtec-ad/bottle/train/good/058.png,0,good,
bottle,42,1.0,146,calibration,/kaggle/input/datasets/ipythonx/mvtec-ad/bottle/train/good/035.png,0,good,
bottle,42,1.0,146,calibration,/kaggle/input/datasets/ipythonx/mvtec-ad/bottle/train/good/077.png,0,good,
bottle,42,1.0,146,calibration,/kaggle/input/datasets/ipythonx/mvtec-ad/bottle/train/good/182.png,0,good,
bottle,42,1.0,146,calibration,/kaggle/input/datasets/ipythonx/mvtec-ad/bottle/train/good/049.png,0,good,
bottle,42,1.0,146,calibration,/kaggle/input/datasets/ipythonx/mvtec-ad/bottle/train/good/006.png,0,good,
bottle,42,1.0,146,calibration,/kaggle/input/datasets/ipythonx/mvtec-ad/bottle/train/good/102.png,0,good,
bottle,42,1.0,146,calibration,/kaggle/input/datasets/ipythonx/mvtec-ad/bottle/train/good/175.png,0,good,
bottle,42,1.0,146,calibration,/kaggle/input/datasets/ipythonx/mvtec-ad/bottle/train/good/139.png,0,good,
bottle,42,1.0,146,calibration,/kaggle/input/datasets/ipythonx/mvtec-ad/bottle/train/good/191.png,0,good,
bottle,42,1.0,146,calibration,/kaggle/input/datasets/ipythonx/mvtec-ad/bottle/train/good/041.png,0,good,
bottle,42,1.0,146,calibration,/kaggle/input/datasets/ipythonx/mvtec-ad/bottle/train/good/110.png,0,good,
bottle,42,1.0,146,calibration,/kaggle/input/datasets/ipythonx/mvtec-ad/bottle/train/good/022.png,0,good,
bottle,42,1.0,146,calibration,/kaggle/input/datasets/ipythonx/mvtec-ad/bottle/train/good/019.png,0,good,
bottle,42,1.0,146,calibration,/kaggle/input/datasets/ipythonx/mvtec-ad/bottle/train/good/163.png,0,good,
bottle,42,1.0,146,calibration,/kaggle/input/datasets/ipythonx/mvtec-ad/bottle/train/good/064.png,0,good,
bottle,42,1.0,146,calibration,/kaggle/input/datasets/ipythonx/mvtec-ad/bottle/train/good/047.png,0,good,
bottle,42,1.0,146,calibration,/kaggle/input/datasets/ipythonx/mvtec-ad/bottle/train/good/113.png,0,good,
bottle,42,1.0,146,calibration,/kaggle/input/datasets/ipythonx/mvtec-ad/bottle/train/good/140.png,0,good,
bottle,42,1.0,146,calibration,/kaggle/input/datasets/ipythonx/mvtec-ad/bottle/train/good/181.png,0,good,
bottle,42,1.0,146,calibration,/kaggle/input/datasets/ipythonx/mvtec-ad/bottle/train/good/014.png,0,good,
bottle,42,1.0,146,calibration,/kaggle/input/datasets/ipythonx/mvtec-ad/bottle/train/good/141.png,0,good,
bottle,42,1.0,146,calibration,/kaggle/input/datasets/ipythonx/mvtec-ad/bottle/train/good/194.png,0,good,
bottle,42,1.0,146,calibration,/kaggle/input/datasets/ipythonx/mvtec-ad/bottle/train/good/036.png,0,good,
bottle,42,1.0,146,calibration,/kaggle/input/datasets/ipythonx/mvtec-ad/bottle/train/good/097.png,0,good,
bottle,42,1.0,146,calibration,/kaggle/input/datasets/ipythonx/mvtec-ad/bottle/train/good/193.png,0,good,
bottle,42,1.0,146,calibration,/kaggle/input/datasets/ipythonx/mvtec-ad/bottle/train/good/205.png,0,good,
bottle,42,1.0,146,calibration,/kaggle/input/datasets/ipythonx/mvtec-ad/bottle/train/good/136.png,0,good,
bottle,42,1.0,146,test,/kaggle/input/datasets/ipythonx/mvtec-ad/bottle/test/broken_large/000.png,1,broken_large,/kaggle/input/datasets/ipythonx/mvtec-ad/bottle/ground_truth/broken_large/000_mask.png
bottle,42,1.0,146,test,/kaggle/input/datasets/ipythonx/mvtec-ad/bottle/test/broken_large/001.png,1,broken_large,/kaggle/input/datasets/ipythonx/mvtec-ad/bottle/ground_truth/broken_large/001_mask.png
bottle,42,1.0,146,test,/kaggle/input/datasets/ipythonx/mvtec-ad/bottle/test/broken_large/002.png,1,broken_large,/kaggle/input/datasets/ipythonx/mvtec-ad/bottle/ground_truth/broken_large/002_mask.png
bottle,42,1.0,146,test,/kaggle/input/datasets/ipythonx/mvtec-ad/bottle/test/broken_large/003.png,1,broken_large,/kaggle/input/datasets/ipythonx/mvtec-ad/bottle/ground_truth/broken_large/003_mask.png
bottle,42,1.0,146,test,/kaggle/input/datasets/ipythonx/mvtec-ad/bottle/test/broken_large/004.png,1,broken_large,/kaggle/input/datasets/ipythonx/mvtec-ad/bottle/ground_truth/broken_large/004_mask.png
bottle,42,1.0,146,test,/kaggle/input/datasets/ipythonx/mvtec-ad/bottle/test/broken_large/005.png,1,broken_large,/kaggle/input/datasets/ipythonx/mvtec-ad/bottle/ground_truth/broken_large/005_mask.png
bottle,42,1.0,146,test,/kaggle/input/datasets/ipythonx/mvtec-ad/bottle/test/broken_large/006.png,1,broken_large,/kaggle/input/datasets/ipythonx/mvtec-ad/bottle/ground_truth/broken_large/006_mask.png
bottle,42,1.0,146,test,/kaggle/input/datasets/ipythonx/mvtec-ad/bottle/test/broken_large/007.png,1,broken_large,/kaggle/input/datasets/ipythonx/mvtec-ad/bottle/ground_truth/broken_large/007_mask.png
bottle,42,1.0,146,test,/kaggle/input/datasets/ipythonx/mvtec-ad/bottle/test/broken_large/008.png,1,broken_large,/kaggle/input/datasets/ipythonx/mvtec-ad/bottle/ground_truth/broken_large/008_mask.png
bottle,42,1.0,146,test,/kaggle/input/datasets/ipythonx/mvtec-ad/bottle/test/broken_large/009.png,1,broken_large,/kaggle/input/datasets/ipythonx/mvtec-ad/bottle/ground_truth/broken_large/009_mask.png
bottle,42,1.0,146,test,/kaggle/input/datasets/ipythonx/mvtec-ad/bottle/test/broken_large/010.png,1,broken_large,/kaggle/input/datasets/ipythonx/mvtec-ad/bottle/ground_truth/broken_large/010_mask.png
bottle,42,1.0,146,test,/kaggle/input/datasets/ipythonx/mvtec-ad/bottle/test/broken_large/011.png,1,broken_large,/kaggle/input/datasets/ipythonx/mvtec-ad/bottle/ground_truth/broken_large/011_mask.png
bottle,42,1.0,146,test,/kaggle/input/datasets/ipythonx/mvtec-ad/bottle/test/broken_large/012.png,1,broken_large,/kaggle/input/datasets/ipythonx/mvtec-ad/bottle/ground_truth/broken_large/012_mask.png
bottle,42,1.0,146,test,/kaggle/input/datasets/ipythonx/mvtec-ad/bottle/test/broken_large/013.png,1,broken_large,/kaggle/input/datasets/ipythonx/mvtec-ad/bottle/ground_truth/broken_large/013_mask.png
bottle,42,1.0,146,test,/kaggle/input/datasets/ipythonx/mvtec-ad/bottle/test/broken_large/014.png,1,broken_large,/kaggle/input/datasets/ipythonx/mvtec-ad/bottle/ground_truth/broken_large/014_mask.png
bottle,42,1.0,146,test,/kaggle/input/datasets/ipythonx/mvtec-ad/bottle/test/broken_large/015.png,1,broken_large,/kaggle/input/datasets/ipythonx/mvtec-ad/bottle/ground_truth/broken_large/015_mask.png
bottle,42,1.0,146,test,/kaggle/input/datasets/ipythonx/mvtec-ad/bottle/test/broken_large/016.png,1,broken_large,/kaggle/input/datasets/ipythonx/mvtec-ad/bottle/ground_truth/broken_large/016_mask.png
bottle,42,1.0,146,test,/kaggle/input/datasets/ipythonx/mvtec-ad/bottle/test/broken_large/017.png,1,broken_large,/kaggle/input/datasets/ipythonx/mvtec-ad/bottle/ground_truth/broken_large/017_mask.png
bottle,42,1.0,146,test,/kaggle/input/datasets/ipythonx/mvtec-ad/bottle/test/broken_large/018.png,1,broken_large,/kaggle/input/datasets/ipythonx/mvtec-ad/bottle/ground_truth/broken_large/018_mask.png
bottle,42,1.0,146,test,/kaggle/input/datasets/ipythonx/mvtec-ad/bottle/test/broken_large/019.png,1,broken_large,/kaggle/input/datasets/ipythonx/mvtec-ad/bottle/ground_truth/broken_large/019_mask.png
bottle,42,1.0,146,test,/kaggle/input/datasets/ipythonx/mvtec-ad/bottle/test/broken_small/000.png,1,broken_small,/kaggle/input/datasets/ipythonx/mvtec-ad/bottle/ground_truth/broken_small/000_mask.png
bottle,42,1.0,146,test,/kaggle/input/datasets/ipythonx/mvtec-ad/bottle/test/broken_small/001.png,1,broken_small,/kaggle/input/datasets/ipythonx/mvtec-ad/bottle/ground_truth/broken_small/001_mask.png
bottle,42,1.0,146,test,/kaggle/input/datasets/ipythonx/mvtec-ad/bottle/test/broken_small/002.png,1,broken_small,/kaggle/input/datasets/ipythonx/mvtec-ad/bottle/ground_truth/broken_small/002_mask.png
bottle,42,1.0,146,test,/kaggle/input/datasets/ipythonx/mvtec-ad/bottle/test/broken_small/003.png,1,broken_small,/kaggle/input/datasets/ipythonx/mvtec-ad/bottle/ground_truth/broken_small/003_mask.png
bottle,42,1.0,146,test,/kaggle/input/datasets/ipythonx/mvtec-ad/bottle/test/broken_small/004.png,1,broken_small,/kaggle/input/datasets/ipythonx/mvtec-ad/bottle/ground_truth/broken_small/004_mask.png
bottle,42,1.0,146,test,/kaggle/input/datasets/ipythonx/mvtec-ad/bottle/test/broken_small/005.png,1,broken_small,/kaggle/input/datasets/ipythonx/mvtec-ad/bottle/ground_truth/broken_small/005_mask.png
bottle,42,1.0,146,test,/kaggle/input/datasets/ipythonx/mvtec-ad/bottle/test/broken_small/006.png,1,broken_small,/kaggle/input/datasets/ipythonx/mvtec-ad/bottle/ground_truth/broken_small/006_mask.png
bottle,42,1.0,146,test,/kaggle/input/datasets/ipythonx/mvtec-ad/bottle/test/broken_small/007.png,1,broken_small,/kaggle/input/datasets/ipythonx/mvtec-ad/bottle/ground_truth/broken_small/007_mask.png
bottle,42,1.0,146,test,/kaggle/input/datasets/ipythonx/mvtec-ad/bottle/test/broken_small/008.png,1,broken_small,/kaggle/input/datasets/ipythonx/mvtec-ad/bottle/ground_truth/broken_small/008_mask.png
bottle,42,1.0,146,test,/kaggle/input/datasets/ipythonx/mvtec-ad/bottle/test/broken_small/009.png,1,broken_small,/kaggle/input/datasets/ipythonx/mvtec-ad/bottle/ground_truth/broken_small/009_mask.png
bottle,42,1.0,146,test,/kaggle/input/datasets/ipythonx/mvtec-ad/bottle/test/broken_small/010.png,1,broken_small,/kaggle/input/datasets/ipythonx/mvtec-ad/bottle/ground_truth/broken_small/010_mask.png
bottle,42,1.0,146,test,/kaggle/input/datasets/ipythonx/mvtec-ad/bottle/test/broken_small/011.png,1,broken_small,/kaggle/input/datasets/ipythonx/mvtec-ad/bottle/ground_truth/broken_small/011_mask.png
bottle,42,1.0,146,test,/kaggle/input/datasets/ipythonx/mvtec-ad/bottle/test/broken_small/012.png,1,broken_small,/kaggle/input/datasets/ipythonx/mvtec-ad/bottle/ground_truth/broken_small/012_mask.png
bottle,42,1.0,146,test,/kaggle/input/datasets/ipythonx/mvtec-ad/bottle/test/broken_small/013.png,1,broken_small,/kaggle/input/datasets/ipythonx/mvtec-ad/bottle/ground_truth/broken_small/013_mask.png
bottle,42,1.0,146,test,/kaggle/input/datasets/ipythonx/mvtec-ad/bottle/test/broken_small/014.png,1,broken_small,/kaggle/input/datasets/ipythonx/mvtec-ad/bottle/ground_truth/broken_small/014_mask.png
bottle,42,1.0,146,test,/kaggle/input/datasets/ipythonx/mvtec-ad/bottle/test/broken_small/015.png,1,broken_small,/kaggle/input/datasets/ipythonx/mvtec-ad/bottle/ground_truth/broken_small/015_mask.png
bottle,42,1.0,146,test,/kaggle/input/datasets/ipythonx/mvtec-ad/bottle/test/broken_small/016.png,1,broken_small,/kaggle/input/datasets/ipythonx/mvtec-ad/bottle/ground_truth/broken_small/016_mask.png
bottle,42,1.0,146,test,/kaggle/input/datasets/ipythonx/mvtec-ad/bottle/test/broken_small/017.png,1,broken_small,/kaggle/input/datasets/ipythonx/mvtec-ad/bottle/ground_truth/broken_small/017_mask.png
bottle,42,1.0,146,test,/kaggle/input/datasets/ipythonx/mvtec-ad/bottle/test/broken_small/018.png,1,broken_small,/kaggle/input/datasets/ipythonx/mvtec-ad/bottle/ground_truth/broken_small/018_mask.png
bottle,42,1.0,146,test,/kaggle/input/datasets/ipythonx/mvtec-ad/bottle/test/broken_small/019.png,1,broken_small,/kaggle/input/datasets/ipythonx/mvtec-ad/bottle/ground_truth/broken_small/019_mask.png
bottle,42,1.0,146,test,/kaggle/input/datasets/ipythonx/mvtec-ad/bottle/test/broken_small/020.png,1,broken_small,/kaggle/input/datasets/ipythonx/mvtec-ad/bottle/ground_truth/broken_small/020_mask.png
bottle,42,1.0,146,test,/kaggle/input/datasets/ipythonx/mvtec-ad/bottle/test/broken_small/021.png,1,broken_small,/kaggle/input/datasets/ipythonx/mvtec-ad/bottle/ground_truth/broken_small/021_mask.png
bottle,42,1.0,146,test,/kaggle/input/datasets/ipythonx/mvtec-ad/bottle/test/contamination/000.png,1,contamination,/kaggle/input/datasets/ipythonx/mvtec-ad/bottle/ground_truth/contamination/000_mask.png
bottle,42,1.0,146,test,/kaggle/input/datasets/ipythonx/mvtec-ad/bottle/test/contamination/001.png,1,contamination,/kaggle/input/datasets/ipythonx/mvtec-ad/bottle/ground_truth/contamination/001_mask.png
bottle,42,1.0,146,test,/kaggle/input/datasets/ipythonx/mvtec-ad/bottle/test/contamination/002.png,1,contamination,/kaggle/input/datasets/ipythonx/mvtec-ad/bottle/ground_truth/contamination/002_mask.png
bottle,42,1.0,146,test,/kaggle/input/datasets/ipythonx/mvtec-ad/bottle/test/contamination/003.png,1,contamination,/kaggle/input/datasets/ipythonx/mvtec-ad/bottle/ground_truth/contamination/003_mask.png
bottle,42,1.0,146,test,/kaggle/input/datasets/ipythonx/mvtec-ad/bottle/test/contamination/004.png,1,contamination,/kaggle/input/datasets/ipythonx/mvtec-ad/bottle/ground_truth/contamination/004_mask.png
bottle,42,1.0,146,test,/kaggle/input/datasets/ipythonx/mvtec-ad/bottle/test/contamination/005.png,1,contamination,/kaggle/input/datasets/ipythonx/mvtec-ad/bottle/ground_truth/contamination/005_mask.png
bottle,42,1.0,146,test,/kaggle/input/datasets/ipythonx/mvtec-ad/bottle/test/contamination/006.png,1,contamination,/kaggle/input/datasets/ipythonx/mvtec-ad/bottle/ground_truth/contamination/006_mask.png
bottle,42,1.0,146,test,/kaggle/input/datasets/ipythonx/mvtec-ad/bottle/test/contamination/007.png,1,contamination,/kaggle/input/datasets/ipythonx/mvtec-ad/bottle/ground_truth/contamination/007_mask.png
bottle,42,1.0,146,test,/kaggle/input/datasets/ipythonx/mvtec-ad/bottle/test/contamination/008.png,1,contamination,/kaggle/input/datasets/ipythonx/mvtec-ad/bottle/ground_truth/contamination/008_mask.png
bottle,42,1.0,146,test,/kaggle/input/datasets/ipythonx/mvtec-ad/bottle/test/contamination/009.png,1,contamination,/kaggle/input/datasets/ipythonx/mvtec-ad/bottle/ground_truth/contamination/009_mask.png
bottle,42,1.0,146,test,/kaggle/input/datasets/ipythonx/mvtec-ad/bottle/test/contamination/010.png,1,contamination,/kaggle/input/datasets/ipythonx/mvtec-ad/bottle/ground_truth/contamination/010_mask.png
bottle,42,1.0,146,test,/kaggle/input/datasets/ipythonx/mvtec-ad/bottle/test/contamination/011.png,1,contamination,/kaggle/input/datasets/ipythonx/mvtec-ad/bottle/ground_truth/contamination/011_mask.png
bottle,42,1.0,146,test,/kaggle/input/datasets/ipythonx/mvtec-ad/bottle/test/contamination/012.png,1,contamination,/kaggle/input/datasets/ipythonx/mvtec-ad/bottle/ground_truth/contamination/012_mask.png
bottle,42,1.0,146,test,/kaggle/input/datasets/ipythonx/mvtec-ad/bottle/test/contamination/013.png,1,contamination,/kaggle/input/datasets/ipythonx/mvtec-ad/bottle/ground_truth/contamination/013_mask.png
bottle,42,1.0,146,test,/kaggle/input/datasets/ipythonx/mvtec-ad/bottle/test/contamination/014.png,1,contamination,/kaggle/input/datasets/ipythonx/mvtec-ad/bottle/ground_truth/contamination/014_mask.png
bottle,42,1.0,146,test,/kaggle/input/datasets/ipythonx/mvtec-ad/bottle/test/contamination/015.png,1,contamination,/kaggle/input/datasets/ipythonx/mvtec-ad/bottle/ground_truth/contamination/015_mask.png
bottle,42,1.0,146,test,/kaggle/input/datasets/ipythonx/mvtec-ad/bottle/test/contamination/016.png,1,contamination,/kaggle/input/datasets/ipythonx/mvtec-ad/bottle/ground_truth/contamination/016_mask.png
bottle,42,1.0,146,test,/kaggle/input/datasets/ipythonx/mvtec-ad/bottle/test/contamination/017.png,1,contamination,/kaggle/input/datasets/ipythonx/mvtec-ad/bottle/ground_truth/contamination/017_mask.png
bottle,42,1.0,146,test,/kaggle/input/datasets/ipythonx/mvtec-ad/bottle/test/contamination/018.png,1,contamination,/kaggle/input/datasets/ipythonx/mvtec-ad/bottle/ground_truth/contamination/018_mask.png
bottle,42,1.0,146,test,/kaggle/input/datasets/ipythonx/mvtec-ad/bottle/test/contamination/019.png,1,contamination,/kaggle/input/datasets/ipythonx/mvtec-ad/bottle/ground_truth/contamination/019_mask.png
bottle,42,1.0,146,test,/kaggle/input/datasets/ipythonx/mvtec-ad/bottle/test/contamination/020.png,1,contamination,/kaggle/input/datasets/ipythonx/mvtec-ad/bottle/ground_truth/contamination/020_mask.png
bottle,42,1.0,146,test,/kaggle/input/datasets/ipythonx/mvtec-ad/bottle/test/good/000.png,0,good,
bottle,42,1.0,146,test,/kaggle/input/datasets/ipythonx/mvtec-ad/bottle/test/good/001.png,0,good,
bottle,42,1.0,146,test,/kaggle/input/datasets/ipythonx/mvtec-ad/bottle/test/good/002.png,0,good,
bottle,42,1.0,146,test,/kaggle/input/datasets/ipythonx/mvtec-ad/bottle/test/good/003.png,0,good,
bottle,42,1.0,146,test,/kaggle/input/datasets/ipythonx/mvtec-ad/bottle/test/good/004.png,0,good,
bottle,42,1.0,146,test,/kaggle/input/datasets/ipythonx/mvtec-ad/bottle/test/good/005.png,0,good,
bottle,42,1.0,146,test,/kaggle/input/datasets/ipythonx/mvtec-ad/bottle/test/good/006.png,0,good,
bottle,42,1.0,146,test,/kaggle/input/datasets/ipythonx/mvtec-ad/bottle/test/good/007.png,0,good,
bottle,42,1.0,146,test,/kaggle/input/datasets/ipythonx/mvtec-ad/bottle/test/good/008.png,0,good,
bottle,42,1.0,146,test,/kaggle/input/datasets/ipythonx/mvtec-ad/bottle/test/good/009.png,0,good,
bottle,42,1.0,146,test,/kaggle/input/datasets/ipythonx/mvtec-ad/bottle/test/good/010.png,0,good,
bottle,42,1.0,146,test,/kaggle/input/datasets/ipythonx/mvtec-ad/bottle/test/good/011.png,0,good,
bottle,42,1.0,146,test,/kaggle/input/datasets/ipythonx/mvtec-ad/bottle/test/good/012.png,0,good,
bottle,42,1.0,146,test,/kaggle/input/datasets/ipythonx/mvtec-ad/bottle/test/good/013.png,0,good,
bottle,42,1.0,146,test,/kaggle/input/datasets/ipythonx/mvtec-ad/bottle/test/good/014.png,0,good,
bottle,42,1.0,146,test,/kaggle/input/datasets/ipythonx/mvtec-ad/bottle/test/good/015.png,0,good,
bottle,42,1.0,146,test,/kaggle/input/datasets/ipythonx/mvtec-ad/bottle/test/good/016.png,0,good,
bottle,42,1.0,146,test,/kaggle/input/datasets/ipythonx/mvtec-ad/bottle/test/good/017.png,0,good,
bottle,42,1.0,146,test,/kaggle/input/datasets/ipythonx/mvtec-ad/bottle/test/good/018.png,0,good,
bottle,42,1.0,146,test,/kaggle/input/datasets/ipythonx/mvtec-ad/bottle/test/good/019.png,0,good,
metal_nut,42,1.0,154,fit,/kaggle/input/datasets/ipythonx/mvtec-ad/metal_nut/train/good/112.png,0,good,
metal_nut,42,1.0,154,fit,/kaggle/input/datasets/ipythonx/mvtec-ad/metal_nut/train/good/128.png,0,good,
metal_nut,42,1.0,154,fit,/kaggle/input/datasets/ipythonx/mvtec-ad/metal_nut/train/good/093.png,0,good,
metal_nut,42,1.0,154,fit,/kaggle/input/datasets/ipythonx/mvtec-ad/metal_nut/train/good/170.png,0,good,
metal_nut,42,1.0,154,fit,/kaggle/input/datasets/ipythonx/mvtec-ad/metal_nut/train/good/004.png,0,good,
metal_nut,42,1.0,154,fit,/kaggle/input/datasets/ipythonx/mvtec-ad/metal_nut/train/good/204.png,0,good,
metal_nut,42,1.0,154,fit,/kaggle/input/datasets/ipythonx/mvtec-ad/metal_nut/train/good/033.png,0,good,
metal_nut,42,1.0,154,fit,/kaggle/input/datasets/ipythonx/mvtec-ad/metal_nut/train/good/087.png,0,good,
metal_nut,42,1.0,154,fit,/kaggle/input/datasets/ipythonx/mvtec-ad/metal_nut/train/good/173.png,0,good,
metal_nut,42,1.0,154,fit,/kaggle/input/datasets/ipythonx/mvtec-ad/metal_nut/train/good/209.png,0,good,
metal_nut,42,1.0,154,fit,/kaggle/input/datasets/ipythonx/mvtec-ad/metal_nut/train/good/192.png,0,good,
metal_nut,42,1.0,154,fit,/kaggle/input/datasets/ipythonx/mvtec-ad/metal_nut/train/good/216.png,0,good,
metal_nut,42,1.0,154,fit,/kaggle/input/datasets/ipythonx/mvtec-ad/metal_nut/train/good/020.png,0,good,
metal_nut,42,1.0,154,fit,/kaggle/input/datasets/ipythonx/mvtec-ad/metal_nut/train/good/098.png,0,good,
metal_nut,42,1.0,154,fit,/kaggle/input/datasets/ipythonx/mvtec-ad/metal_nut/train/good/179.png,0,good,
metal_nut,42,1.0,154,fit,/kaggle/input/datasets/ipythonx/mvtec-ad/metal_nut/train/good/214.png,0,good,
metal_nut,42,1.0,154,fit,/kaggle/input/datasets/ipythonx/mvtec-ad/metal_nut/train/good/159.png,0,good,
metal_nut,42,1.0,154,fit,/kaggle/input/datasets/ipythonx/mvtec-ad/metal_nut/train/good/183.png,0,good,
metal_nut,42,1.0,154,fit,/kaggle/input/datasets/ipythonx/mvtec-ad/metal_nut/train/good/180.png,0,good,
metal_nut,42,1.0,154,fit,/kaggle/input/datasets/ipythonx/mvtec-ad/metal_nut/train/good/067.png,0,good,
metal_nut,42,1.0,154,fit,/kaggle/input/datasets/ipythonx/mvtec-ad/metal_nut/train/good/130.png,0,good,
metal_nut,42,1.0,154,fit,/kaggle/input/datasets/ipythonx/mvtec-ad/metal_nut/train/good/217.png,0,good,
metal_nut,42,1.0,154,fit,/kaggle/input/datasets/ipythonx/mvtec-ad/metal_nut/train/good/218.png,0,good,
metal_nut,42,1.0,154,fit,/kaggle/input/datasets/ipythonx/mvtec-ad/metal_nut/train/good/045.png,0,good,
metal_nut,42,1.0,154,fit,/kaggle/input/datasets/ipythonx/mvtec-ad/metal_nut/train/good/133.png,0,good,
metal_nut,42,1.0,154,fit,/kaggle/input/datasets/ipythonx/mvtec-ad/metal_nut/train/good/039.png,0,good,
metal_nut,42,1.0,154,fit,/kaggle/input/datasets/ipythonx/mvtec-ad/metal_nut/train/good/219.png,0,good,
metal_nut,42,1.0,154,fit,/kaggle/input/datasets/ipythonx/mvtec-ad/metal_nut/train/good/007.png,0,good,
metal_nut,42,1.0,154,fit,/kaggle/input/datasets/ipythonx/mvtec-ad/metal_nut/train/good/127.png,0,good,
metal_nut,42,1.0,154,fit,/kaggle/input/datasets/ipythonx/mvtec-ad/metal_nut/train/good/085.png,0,good,
metal_nut,42,1.0,154,fit,/kaggle/input/datasets/ipythonx/mvtec-ad/metal_nut/train/good/119.png,0,good,
metal_nut,42,1.0,154,fit,/kaggle/input/datasets/ipythonx/mvtec-ad/metal_nut/train/good/157.png,0,good,
metal_nut,42,1.0,154,fit,/kaggle/input/datasets/ipythonx/mvtec-ad/metal_nut/train/good/092.png,0,good,
metal_nut,42,1.0,154,fit,/kaggle/input/datasets/ipythonx/mvtec-ad/metal_nut/train/good/198.png,0,good,
metal_nut,42,1.0,154,fit,/kaggle/input/datasets/ipythonx/mvtec-ad/metal_nut/train/good/002.png,0,good,
metal_nut,42,1.0,154,fit,/kaggle/input/datasets/ipythonx/mvtec-ad/metal_nut/train/good/155.png,0,good,
metal_nut,42,1.0,154,fit,/kaggle/input/datasets/ipythonx/mvtec-ad/metal_nut/train/good/081.png,0,good,
metal_nut,42,1.0,154,fit,/kaggle/input/datasets/ipythonx/mvtec-ad/metal_nut/train/good/055.png,0,good,
metal_nut,42,1.0,154,fit,/kaggle/input/datasets/ipythonx/mvtec-ad/metal_nut/train/good/197.png,0,good,
metal_nut,42,1.0,154,fit,/kaggle/input/datasets/ipythonx/mvtec-ad/metal_nut/train/good/005.png,0,good,
metal_nut,42,1.0,154,fit,/kaggle/input/datasets/ipythonx/mvtec-ad/metal_nut/train/good/152.png,0,good,
metal_nut,42,1.0,154,fit,/kaggle/input/datasets/ipythonx/mvtec-ad/metal_nut/train/good/132.png,0,good,
metal_nut,42,1.0,154,fit,/kaggle/input/datasets/ipythonx/mvtec-ad/metal_nut/train/good/188.png,0,good,
metal_nut,42,1.0,154,fit,/kaggle/input/datasets/ipythonx/mvtec-ad/metal_nut/train/good/134.png,0,good,
metal_nut,42,1.0,154,fit,/kaggle/input/datasets/ipythonx/mvtec-ad/metal_nut/train/good/178.png,0,good,
metal_nut,42,1.0,154,fit,/kaggle/input/datasets/ipythonx/mvtec-ad/metal_nut/train/good/111.png,0,good,
metal_nut,42,1.0,154,fit,/kaggle/input/datasets/ipythonx/mvtec-ad/metal_nut/train/good/206.png,0,good,
metal_nut,42,1.0,154,fit,/kaggle/input/datasets/ipythonx/mvtec-ad/metal_nut/train/good/095.png,0,good,
metal_nut,42,1.0,154,fit,/kaggle/input/datasets/ipythonx/mvtec-ad/metal_nut/train/good/125.png,0,good,
metal_nut,42,1.0,154,fit,/kaggle/input/datasets/ipythonx/mvtec-ad/metal_nut/train/good/144.png,0,good,
metal_nut,42,1.0,154,fit,/kaggle/input/datasets/ipythonx/mvtec-ad/metal_nut/train/good/115.png,0,good,
metal_nut,42,1.0,154,fit,/kaggle/input/datasets/ipythonx/mvtec-ad/metal_nut/train/good/073.png,0,good,
metal_nut,42,1.0,154,fit,/kaggle/input/datasets/ipythonx/mvtec-ad/metal_nut/train/good/026.png,0,good,
metal_nut,42,1.0,154,fit,/kaggle/input/datasets/ipythonx/mvtec-ad/metal_nut/train/good/096.png,0,good,
metal_nut,42,1.0,154,fit,/kaggle/input/datasets/ipythonx/mvtec-ad/metal_nut/train/good/187.png,0,good,
metal_nut,42,1.0,154,fit,/kaggle/input/datasets/ipythonx/mvtec-ad/metal_nut/train/good/114.png,0,good,
metal_nut,42,1.0,154,fit,/kaggle/input/datasets/ipythonx/mvtec-ad/metal_nut/train/good/012.png,0,good,
metal_nut,42,1.0,154,fit,/kaggle/input/datasets/ipythonx/mvtec-ad/metal_nut/train/good/068.png,0,good,
metal_nut,42,1.0,154,fit,/kaggle/input/datasets/ipythonx/mvtec-ad/metal_nut/train/good/000.png,0,good,
metal_nut,42,1.0,154,fit,/kaggle/input/datasets/ipythonx/mvtec-ad/metal_nut/train/good/215.png,0,good,
metal_nut,42,1.0,154,fit,/kaggle/input/datasets/ipythonx/mvtec-ad/metal_nut/train/good/148.png,0,good,
metal_nut,42,1.0,154,fit,/kaggle/input/datasets/ipythonx/mvtec-ad/metal_nut/train/good/062.png,0,good,
metal_nut,42,1.0,154,fit,/kaggle/input/datasets/ipythonx/mvtec-ad/metal_nut/train/good/156.png,0,good,
metal_nut,42,1.0,154,fit,/kaggle/input/datasets/ipythonx/mvtec-ad/metal_nut/train/good/003.png,0,good,
metal_nut,42,1.0,154,fit,/kaggle/input/datasets/ipythonx/mvtec-ad/metal_nut/train/good/090.png,0,good,
metal_nut,42,1.0,154,fit,/kaggle/input/datasets/ipythonx/mvtec-ad/metal_nut/train/good/150.png,0,good,
metal_nut,42,1.0,154,fit,/kaggle/input/datasets/ipythonx/mvtec-ad/metal_nut/train/good/088.png,0,good,
metal_nut,42,1.0,154,fit,/kaggle/input/datasets/ipythonx/mvtec-ad/metal_nut/train/good/050.png,0,good,
metal_nut,42,1.0,154,fit,/kaggle/input/datasets/ipythonx/mvtec-ad/metal_nut/train/good/212.png,0,good,
metal_nut,42,1.0,154,fit,/kaggle/input/datasets/ipythonx/mvtec-ad/metal_nut/train/good/213.png,0,good,
metal_nut,42,1.0,154,fit,/kaggle/input/datasets/ipythonx/mvtec-ad/metal_nut/train/good/089.png,0,good,
metal_nut,42,1.0,154,fit,/kaggle/input/datasets/ipythonx/mvtec-ad/metal_nut/train/good/118.png,0,good,
metal_nut,42,1.0,154,fit,/kaggle/input/datasets/ipythonx/mvtec-ad/metal_nut/train/good/143.png,0,good,
metal_nut,42,1.0,154,fit,/kaggle/input/datasets/ipythonx/mvtec-ad/metal_nut/train/good/072.png,0,good,
metal_nut,42,1.0,154,fit,/kaggle/input/datasets/ipythonx/mvtec-ad/metal_nut/train/good/101.png,0,good,
metal_nut,42,1.0,154,fit,/kaggle/input/datasets/ipythonx/mvtec-ad/metal_nut/train/good/200.png,0,good,
metal_nut,42,1.0,154,fit,/kaggle/input/datasets/ipythonx/mvtec-ad/metal_nut/train/good/056.png,0,good,
metal_nut,42,1.0,154,fit,/kaggle/input/datasets/ipythonx/mvtec-ad/metal_nut/train/good/210.png,0,good,
metal_nut,42,1.0,154,fit,/kaggle/input/datasets/ipythonx/mvtec-ad/metal_nut/train/good/195.png,0,good,
metal_nut,42,1.0,154,fit,/kaggle/input/datasets/ipythonx/mvtec-ad/metal_nut/train/good/208.png,0,good,
metal_nut,42,1.0,154,fit,/kaggle/input/datasets/ipythonx/mvtec-ad/metal_nut/train/good/052.png,0,good,
metal_nut,42,1.0,154,fit,/kaggle/input/datasets/ipythonx/mvtec-ad/metal_nut/train/good/063.png,0,good,
metal_nut,42,1.0,154,fit,/kaggle/input/datasets/ipythonx/mvtec-ad/metal_nut/train/good/211.png,0,good,
metal_nut,42,1.0,154,fit,/kaggle/input/datasets/ipythonx/mvtec-ad/metal_nut/train/good/032.png,0,good,
metal_nut,42,1.0,154,fit,/kaggle/input/datasets/ipythonx/mvtec-ad/metal_nut/train/good/166.png,0,good,
metal_nut,42,1.0,154,fit,/kaggle/input/datasets/ipythonx/mvtec-ad/metal_nut/train/good/082.png,0,good,
metal_nut,42,1.0,154,fit,/kaggle/input/datasets/ipythonx/mvtec-ad/metal_nut/train/good/167.png,0,good,
metal_nut,42,1.0,154,fit,/kaggle/input/datasets/ipythonx/mvtec-ad/metal_nut/train/good/138.png,0,good,
metal_nut,42,1.0,154,fit,/kaggle/input/datasets/ipythonx/mvtec-ad/metal_nut/train/good/051.png,0,good,
metal_nut,42,1.0,154,fit,/kaggle/input/datasets/ipythonx/mvtec-ad/metal_nut/train/good/013.png,0,good,
metal_nut,42,1.0,154,fit,/kaggle/input/datasets/ipythonx/mvtec-ad/metal_nut/train/good/075.png,0,good,
metal_nut,42,1.0,154,fit,/kaggle/input/datasets/ipythonx/mvtec-ad/metal_nut/train/good/054.png,0,good,
metal_nut,42,1.0,154,fit,/kaggle/input/datasets/ipythonx/mvtec-ad/metal_nut/train/good/165.png,0,good,
metal_nut,42,1.0,154,fit,/kaggle/input/datasets/ipythonx/mvtec-ad/metal_nut/train/good/074.png,0,good,
metal_nut,42,1.0,154,fit,/kaggle/input/datasets/ipythonx/mvtec-ad/metal_nut/train/good/149.png,0,good,
metal_nut,42,1.0,154,fit,/kaggle/input/datasets/ipythonx/mvtec-ad/metal_nut/train/good/121.png,0,good,
metal_nut,42,1.0,154,fit,/kaggle/input/datasets/ipythonx/mvtec-ad/metal_nut/train/good/117.png,0,good,
metal_nut,42,1.0,154,fit,/kaggle/input/datasets/ipythonx/mvtec-ad/metal_nut/train/good/046.png,0,good,
metal_nut,42,1.0,154,fit,/kaggle/input/datasets/ipythonx/mvtec-ad/metal_nut/train/good/066.png,0,good,
metal_nut,42,1.0,154,fit,/kaggle/input/datasets/ipythonx/mvtec-ad/metal_nut/train/good/027.png,0,good,
metal_nut,42,1.0,154,fit,/kaggle/input/datasets/ipythonx/mvtec-ad/metal_nut/train/good/083.png,0,good,
metal_nut,42,1.0,154,fit,/kaggle/input/datasets/ipythonx/mvtec-ad/metal_nut/train/good/091.png,0,good,
metal_nut,42,1.0,154,fit,/kaggle/input/datasets/ipythonx/mvtec-ad/metal_nut/train/good/120.png,0,good,
metal_nut,42,1.0,154,fit,/kaggle/input/datasets/ipythonx/mvtec-ad/metal_nut/train/good/018.png,0,good,
metal_nut,42,1.0,154,fit,/kaggle/input/datasets/ipythonx/mvtec-ad/metal_nut/train/good/123.png,0,good,
metal_nut,42,1.0,154,fit,/kaggle/input/datasets/ipythonx/mvtec-ad/metal_nut/train/good/079.png,0,good,
metal_nut,42,1.0,154,fit,/kaggle/input/datasets/ipythonx/mvtec-ad/metal_nut/train/good/151.png,0,good,
metal_nut,42,1.0,154,fit,/kaggle/input/datasets/ipythonx/mvtec-ad/metal_nut/train/good/169.png,0,good,
metal_nut,42,1.0,154,fit,/kaggle/input/datasets/ipythonx/mvtec-ad/metal_nut/train/good/028.png,0,good,
metal_nut,42,1.0,154,fit,/kaggle/input/datasets/ipythonx/mvtec-ad/metal_nut/train/good/009.png,0,good,
metal_nut,42,1.0,154,fit,/kaggle/input/datasets/ipythonx/mvtec-ad/metal_nut/train/good/153.png,0,good,
metal_nut,42,1.0,154,fit,/kaggle/input/datasets/ipythonx/mvtec-ad/metal_nut/train/good/080.png,0,good,
metal_nut,42,1.0,154,fit,/kaggle/input/datasets/ipythonx/mvtec-ad/metal_nut/train/good/106.png,0,good,
metal_nut,42,1.0,154,fit,/kaggle/input/datasets/ipythonx/mvtec-ad/metal_nut/train/good/029.png,0,good,
metal_nut,42,1.0,154,fit,/kaggle/input/datasets/ipythonx/mvtec-ad/metal_nut/train/good/154.png,0,good,
metal_nut,42,1.0,154,fit,/kaggle/input/datasets/ipythonx/mvtec-ad/metal_nut/train/good/037.png,0,good,
metal_nut,42,1.0,154,fit,/kaggle/input/datasets/ipythonx/mvtec-ad/metal_nut/train/good/116.png,0,good,
metal_nut,42,1.0,154,fit,/kaggle/input/datasets/ipythonx/mvtec-ad/metal_nut/train/good/103.png,0,good,
metal_nut,42,1.0,154,fit,/kaggle/input/datasets/ipythonx/mvtec-ad/metal_nut/train/good/131.png,0,good,
metal_nut,42,1.0,154,fit,/kaggle/input/datasets/ipythonx/mvtec-ad/metal_nut/train/good/158.png,0,good,
metal_nut,42,1.0,154,fit,/kaggle/input/datasets/ipythonx/mvtec-ad/metal_nut/train/good/078.png,0,good,
metal_nut,42,1.0,154,fit,/kaggle/input/datasets/ipythonx/mvtec-ad/metal_nut/train/good/100.png,0,good,
metal_nut,42,1.0,154,fit,/kaggle/input/datasets/ipythonx/mvtec-ad/metal_nut/train/good/059.png,0,good,
metal_nut,42,1.0,154,fit,/kaggle/input/datasets/ipythonx/mvtec-ad/metal_nut/train/good/162.png,0,good,
metal_nut,42,1.0,154,fit,/kaggle/input/datasets/ipythonx/mvtec-ad/metal_nut/train/good/008.png,0,good,
metal_nut,42,1.0,154,fit,/kaggle/input/datasets/ipythonx/mvtec-ad/metal_nut/train/good/038.png,0,good,
metal_nut,42,1.0,154,fit,/kaggle/input/datasets/ipythonx/mvtec-ad/metal_nut/train/good/094.png,0,good,
metal_nut,42,1.0,154,fit,/kaggle/input/datasets/ipythonx/mvtec-ad/metal_nut/train/good/146.png,0,good,
metal_nut,42,1.0,154,fit,/kaggle/input/datasets/ipythonx/mvtec-ad/metal_nut/train/good/070.png,0,good,
metal_nut,42,1.0,154,fit,/kaggle/input/datasets/ipythonx/mvtec-ad/metal_nut/train/good/124.png,0,good,
metal_nut,42,1.0,154,fit,/kaggle/input/datasets/ipythonx/mvtec-ad/metal_nut/train/good/071.png,0,good,
metal_nut,42,1.0,154,fit,/kaggle/input/datasets/ipythonx/mvtec-ad/metal_nut/train/good/025.png,0,good,
metal_nut,42,1.0,154,fit,/kaggle/input/datasets/ipythonx/mvtec-ad/metal_nut/train/good/024.png,0,good,
metal_nut,42,1.0,154,fit,/kaggle/input/datasets/ipythonx/mvtec-ad/metal_nut/train/good/191.png,0,good,
metal_nut,42,1.0,154,fit,/kaggle/input/datasets/ipythonx/mvtec-ad/metal_nut/train/good/084.png,0,good,
metal_nut,42,1.0,154,fit,/kaggle/input/datasets/ipythonx/mvtec-ad/metal_nut/train/good/108.png,0,good,
metal_nut,42,1.0,154,fit,/kaggle/input/datasets/ipythonx/mvtec-ad/metal_nut/train/good/126.png,0,good,
metal_nut,42,1.0,154,fit,/kaggle/input/datasets/ipythonx/mvtec-ad/metal_nut/train/good/171.png,0,good,
metal_nut,42,1.0,154,fit,/kaggle/input/datasets/ipythonx/mvtec-ad/metal_nut/train/good/174.png,0,good,
metal_nut,42,1.0,154,fit,/kaggle/input/datasets/ipythonx/mvtec-ad/metal_nut/train/good/065.png,0,good,
metal_nut,42,1.0,154,fit,/kaggle/input/datasets/ipythonx/mvtec-ad/metal_nut/train/good/010.png,0,good,
metal_nut,42,1.0,154,fit,/kaggle/input/datasets/ipythonx/mvtec-ad/metal_nut/train/good/086.png,0,good,
metal_nut,42,1.0,154,fit,/kaggle/input/datasets/ipythonx/mvtec-ad/metal_nut/train/good/048.png,0,good,
metal_nut,42,1.0,154,fit,/kaggle/input/datasets/ipythonx/mvtec-ad/metal_nut/train/good/104.png,0,good,
metal_nut,42,1.0,154,fit,/kaggle/input/datasets/ipythonx/mvtec-ad/metal_nut/train/good/207.png,0,good,
metal_nut,42,1.0,154,fit,/kaggle/input/datasets/ipythonx/mvtec-ad/metal_nut/train/good/107.png,0,good,
metal_nut,42,1.0,154,fit,/kaggle/input/datasets/ipythonx/mvtec-ad/metal_nut/train/good/135.png,0,good,
metal_nut,42,1.0,154,fit,/kaggle/input/datasets/ipythonx/mvtec-ad/metal_nut/train/good/184.png,0,good,
metal_nut,42,1.0,154,fit,/kaggle/input/datasets/ipythonx/mvtec-ad/metal_nut/train/good/196.png,0,good,
metal_nut,42,1.0,154,fit,/kaggle/input/datasets/ipythonx/mvtec-ad/metal_nut/train/good/147.png,0,good,
metal_nut,42,1.0,154,fit,/kaggle/input/datasets/ipythonx/mvtec-ad/metal_nut/train/good/099.png,0,good,
metal_nut,42,1.0,154,fit,/kaggle/input/datasets/ipythonx/mvtec-ad/metal_nut/train/good/161.png,0,good,
metal_nut,42,1.0,154,fit,/kaggle/input/datasets/ipythonx/mvtec-ad/metal_nut/train/good/145.png,0,good,
metal_nut,42,1.0,154,fit,/kaggle/input/datasets/ipythonx/mvtec-ad/metal_nut/train/good/021.png,0,good,
metal_nut,42,1.0,154,validation,/kaggle/input/datasets/ipythonx/mvtec-ad/metal_nut/train/good/001.png,0,good,
metal_nut,42,1.0,154,validation,/kaggle/input/datasets/ipythonx/mvtec-ad/metal_nut/train/good/042.png,0,good,
metal_nut,42,1.0,154,validation,/kaggle/input/datasets/ipythonx/mvtec-ad/metal_nut/train/good/122.png,0,good,
metal_nut,42,1.0,154,validation,/kaggle/input/datasets/ipythonx/mvtec-ad/metal_nut/train/good/017.png,0,good,
metal_nut,42,1.0,154,validation,/kaggle/input/datasets/ipythonx/mvtec-ad/metal_nut/train/good/201.png,0,good,
metal_nut,42,1.0,154,validation,/kaggle/input/datasets/ipythonx/mvtec-ad/metal_nut/train/good/053.png,0,good,
metal_nut,42,1.0,154,validation,/kaggle/input/datasets/ipythonx/mvtec-ad/metal_nut/train/good/076.png,0,good,
metal_nut,42,1.0,154,validation,/kaggle/input/datasets/ipythonx/mvtec-ad/metal_nut/train/good/189.png,0,good,
metal_nut,42,1.0,154,validation,/kaggle/input/datasets/ipythonx/mvtec-ad/metal_nut/train/good/040.png,0,good,
metal_nut,42,1.0,154,validation,/kaggle/input/datasets/ipythonx/mvtec-ad/metal_nut/train/good/069.png,0,good,
metal_nut,42,1.0,154,validation,/kaggle/input/datasets/ipythonx/mvtec-ad/metal_nut/train/good/185.png,0,good,
metal_nut,42,1.0,154,validation,/kaggle/input/datasets/ipythonx/mvtec-ad/metal_nut/train/good/129.png,0,good,
metal_nut,42,1.0,154,validation,/kaggle/input/datasets/ipythonx/mvtec-ad/metal_nut/train/good/168.png,0,good,
metal_nut,42,1.0,154,validation,/kaggle/input/datasets/ipythonx/mvtec-ad/metal_nut/train/good/105.png,0,good,
metal_nut,42,1.0,154,validation,/kaggle/input/datasets/ipythonx/mvtec-ad/metal_nut/train/good/172.png,0,good,
metal_nut,42,1.0,154,validation,/kaggle/input/datasets/ipythonx/mvtec-ad/metal_nut/train/good/011.png,0,good,
metal_nut,42,1.0,154,validation,/kaggle/input/datasets/ipythonx/mvtec-ad/metal_nut/train/good/142.png,0,good,
metal_nut,42,1.0,154,validation,/kaggle/input/datasets/ipythonx/mvtec-ad/metal_nut/train/good/043.png,0,good,
metal_nut,42,1.0,154,validation,/kaggle/input/datasets/ipythonx/mvtec-ad/metal_nut/train/good/190.png,0,good,
metal_nut,42,1.0,154,validation,/kaggle/input/datasets/ipythonx/mvtec-ad/metal_nut/train/good/160.png,0,good,
metal_nut,42,1.0,154,validation,/kaggle/input/datasets/ipythonx/mvtec-ad/metal_nut/train/good/061.png,0,good,
metal_nut,42,1.0,154,validation,/kaggle/input/datasets/ipythonx/mvtec-ad/metal_nut/train/good/057.png,0,good,
metal_nut,42,1.0,154,validation,/kaggle/input/datasets/ipythonx/mvtec-ad/metal_nut/train/good/177.png,0,good,
metal_nut,42,1.0,154,validation,/kaggle/input/datasets/ipythonx/mvtec-ad/metal_nut/train/good/023.png,0,good,
metal_nut,42,1.0,154,validation,/kaggle/input/datasets/ipythonx/mvtec-ad/metal_nut/train/good/164.png,0,good,
metal_nut,42,1.0,154,validation,/kaggle/input/datasets/ipythonx/mvtec-ad/metal_nut/train/good/186.png,0,good,
metal_nut,42,1.0,154,validation,/kaggle/input/datasets/ipythonx/mvtec-ad/metal_nut/train/good/015.png,0,good,
metal_nut,42,1.0,154,validation,/kaggle/input/datasets/ipythonx/mvtec-ad/metal_nut/train/good/176.png,0,good,
metal_nut,42,1.0,154,validation,/kaggle/input/datasets/ipythonx/mvtec-ad/metal_nut/train/good/060.png,0,good,
metal_nut,42,1.0,154,validation,/kaggle/input/datasets/ipythonx/mvtec-ad/metal_nut/train/good/109.png,0,good,
metal_nut,42,1.0,154,validation,/kaggle/input/datasets/ipythonx/mvtec-ad/metal_nut/train/good/137.png,0,good,
metal_nut,42,1.0,154,validation,/kaggle/input/datasets/ipythonx/mvtec-ad/metal_nut/train/good/031.png,0,good,
metal_nut,42,1.0,154,validation,/kaggle/input/datasets/ipythonx/mvtec-ad/metal_nut/train/good/016.png,0,good,
metal_nut,42,1.0,154,calibration,/kaggle/input/datasets/ipythonx/mvtec-ad/metal_nut/train/good/044.png,0,good,
metal_nut,42,1.0,154,calibration,/kaggle/input/datasets/ipythonx/mvtec-ad/metal_nut/train/good/203.png,0,good,
metal_nut,42,1.0,154,calibration,/kaggle/input/datasets/ipythonx/mvtec-ad/metal_nut/train/good/199.png,0,good,
metal_nut,42,1.0,154,calibration,/kaggle/input/datasets/ipythonx/mvtec-ad/metal_nut/train/good/034.png,0,good,
metal_nut,42,1.0,154,calibration,/kaggle/input/datasets/ipythonx/mvtec-ad/metal_nut/train/good/030.png,0,good,
metal_nut,42,1.0,154,calibration,/kaggle/input/datasets/ipythonx/mvtec-ad/metal_nut/train/good/058.png,0,good,
metal_nut,42,1.0,154,calibration,/kaggle/input/datasets/ipythonx/mvtec-ad/metal_nut/train/good/035.png,0,good,
metal_nut,42,1.0,154,calibration,/kaggle/input/datasets/ipythonx/mvtec-ad/metal_nut/train/good/077.png,0,good,
metal_nut,42,1.0,154,calibration,/kaggle/input/datasets/ipythonx/mvtec-ad/metal_nut/train/good/182.png,0,good,
metal_nut,42,1.0,154,calibration,/kaggle/input/datasets/ipythonx/mvtec-ad/metal_nut/train/good/049.png,0,good,
metal_nut,42,1.0,154,calibration,/kaggle/input/datasets/ipythonx/mvtec-ad/metal_nut/train/good/006.png,0,good,
metal_nut,42,1.0,154,calibration,/kaggle/input/datasets/ipythonx/mvtec-ad/metal_nut/train/good/102.png,0,good,
metal_nut,42,1.0,154,calibration,/kaggle/input/datasets/ipythonx/mvtec-ad/metal_nut/train/good/175.png,0,good,
metal_nut,42,1.0,154,calibration,/kaggle/input/datasets/ipythonx/mvtec-ad/metal_nut/train/good/139.png,0,good,
metal_nut,42,1.0,154,calibration,/kaggle/input/datasets/ipythonx/mvtec-ad/metal_nut/train/good/202.png,0,good,
metal_nut,42,1.0,154,calibration,/kaggle/input/datasets/ipythonx/mvtec-ad/metal_nut/train/good/041.png,0,good,
metal_nut,42,1.0,154,calibration,/kaggle/input/datasets/ipythonx/mvtec-ad/metal_nut/train/good/110.png,0,good,
metal_nut,42,1.0,154,calibration,/kaggle/input/datasets/ipythonx/mvtec-ad/metal_nut/train/good/022.png,0,good,
metal_nut,42,1.0,154,calibration,/kaggle/input/datasets/ipythonx/mvtec-ad/metal_nut/train/good/019.png,0,good,
metal_nut,42,1.0,154,calibration,/kaggle/input/datasets/ipythonx/mvtec-ad/metal_nut/train/good/163.png,0,good,
metal_nut,42,1.0,154,calibration,/kaggle/input/datasets/ipythonx/mvtec-ad/metal_nut/train/good/064.png,0,good,
metal_nut,42,1.0,154,calibration,/kaggle/input/datasets/ipythonx/mvtec-ad/metal_nut/train/good/047.png,0,good,
metal_nut,42,1.0,154,calibration,/kaggle/input/datasets/ipythonx/mvtec-ad/metal_nut/train/good/113.png,0,good,
metal_nut,42,1.0,154,calibration,/kaggle/input/datasets/ipythonx/mvtec-ad/metal_nut/train/good/140.png,0,good,
metal_nut,42,1.0,154,calibration,/kaggle/input/datasets/ipythonx/mvtec-ad/metal_nut/train/good/181.png,0,good,
metal_nut,42,1.0,154,calibration,/kaggle/input/datasets/ipythonx/mvtec-ad/metal_nut/train/good/014.png,0,good,
metal_nut,42,1.0,154,calibration,/kaggle/input/datasets/ipythonx/mvtec-ad/metal_nut/train/good/141.png,0,good,
metal_nut,42,1.0,154,calibration,/kaggle/input/datasets/ipythonx/mvtec-ad/metal_nut/train/good/194.png,0,good,
metal_nut,42,1.0,154,calibration,/kaggle/input/datasets/ipythonx/mvtec-ad/metal_nut/train/good/036.png,0,good,
metal_nut,42,1.0,154,calibration,/kaggle/input/datasets/ipythonx/mvtec-ad/metal_nut/train/good/097.png,0,good,
metal_nut,42,1.0,154,calibration,/kaggle/input/datasets/ipythonx/mvtec-ad/metal_nut/train/good/193.png,0,good,
metal_nut,42,1.0,154,calibration,/kaggle/input/datasets/ipythonx/mvtec-ad/metal_nut/train/good/205.png,0,good,
metal_nut,42,1.0,154,calibration,/kaggle/input/datasets/ipythonx/mvtec-ad/metal_nut/train/good/136.png,0,good,
metal_nut,42,1.0,154,test,/kaggle/input/datasets/ipythonx/mvtec-ad/metal_nut/test/bent/000.png,1,bent,/kaggle/input/datasets/ipythonx/mvtec-ad/metal_nut/ground_truth/bent/000_mask.png
metal_nut,42,1.0,154,test,/kaggle/input/datasets/ipythonx/mvtec-ad/metal_nut/test/bent/001.png,1,bent,/kaggle/input/datasets/ipythonx/mvtec-ad/metal_nut/ground_truth/bent/001_mask.png
metal_nut,42,1.0,154,test,/kaggle/input/datasets/ipythonx/mvtec-ad/metal_nut/test/bent/002.png,1,bent,/kaggle/input/datasets/ipythonx/mvtec-ad/metal_nut/ground_truth/bent/002_mask.png
metal_nut,42,1.0,154,test,/kaggle/input/datasets/ipythonx/mvtec-ad/metal_nut/test/bent/003.png,1,bent,/kaggle/input/datasets/ipythonx/mvtec-ad/metal_nut/ground_truth/bent/003_mask.png
metal_nut,42,1.0,154,test,/kaggle/input/datasets/ipythonx/mvtec-ad/metal_nut/test/bent/004.png,1,bent,/kaggle/input/datasets/ipythonx/mvtec-ad/metal_nut/ground_truth/bent/004_mask.png
metal_nut,42,1.0,154,test,/kaggle/input/datasets/ipythonx/mvtec-ad/metal_nut/test/bent/005.png,1,bent,/kaggle/input/datasets/ipythonx/mvtec-ad/metal_nut/ground_truth/bent/005_mask.png
metal_nut,42,1.0,154,test,/kaggle/input/datasets/ipythonx/mvtec-ad/metal_nut/test/bent/006.png,1,bent,/kaggle/input/datasets/ipythonx/mvtec-ad/metal_nut/ground_truth/bent/006_mask.png
metal_nut,42,1.0,154,test,/kaggle/input/datasets/ipythonx/mvtec-ad/metal_nut/test/bent/007.png,1,bent,/kaggle/input/datasets/ipythonx/mvtec-ad/metal_nut/ground_truth/bent/007_mask.png
metal_nut,42,1.0,154,test,/kaggle/input/datasets/ipythonx/mvtec-ad/metal_nut/test/bent/008.png,1,bent,/kaggle/input/datasets/ipythonx/mvtec-ad/metal_nut/ground_truth/bent/008_mask.png
metal_nut,42,1.0,154,test,/kaggle/input/datasets/ipythonx/mvtec-ad/metal_nut/test/bent/009.png,1,bent,/kaggle/input/datasets/ipythonx/mvtec-ad/metal_nut/ground_truth/bent/009_mask.png
metal_nut,42,1.0,154,test,/kaggle/input/datasets/ipythonx/mvtec-ad/metal_nut/test/bent/010.png,1,bent,/kaggle/input/datasets/ipythonx/mvtec-ad/metal_nut/ground_truth/bent/010_mask.png
metal_nut,42,1.0,154,test,/kaggle/input/datasets/ipythonx/mvtec-ad/metal_nut/test/bent/011.png,1,bent,/kaggle/input/datasets/ipythonx/mvtec-ad/metal_nut/ground_truth/bent/011_mask.png
metal_nut,42,1.0,154,test,/kaggle/input/datasets/ipythonx/mvtec-ad/metal_nut/test/bent/012.png,1,bent,/kaggle/input/datasets/ipythonx/mvtec-ad/metal_nut/ground_truth/bent/012_mask.png
metal_nut,42,1.0,154,test,/kaggle/input/datasets/ipythonx/mvtec-ad/metal_nut/test/bent/013.png,1,bent,/kaggle/input/datasets/ipythonx/mvtec-ad/metal_nut/ground_truth/bent/013_mask.png
metal_nut,42,1.0,154,test,/kaggle/input/datasets/ipythonx/mvtec-ad/metal_nut/test/bent/014.png,1,bent,/kaggle/input/datasets/ipythonx/mvtec-ad/metal_nut/ground_truth/bent/014_mask.png
metal_nut,42,1.0,154,test,/kaggle/input/datasets/ipythonx/mvtec-ad/metal_nut/test/bent/015.png,1,bent,/kaggle/input/datasets/ipythonx/mvtec-ad/metal_nut/ground_truth/bent/015_mask.png
metal_nut,42,1.0,154,test,/kaggle/input/datasets/ipythonx/mvtec-ad/metal_nut/test/bent/016.png,1,bent,/kaggle/input/datasets/ipythonx/mvtec-ad/metal_nut/ground_truth/bent/016_mask.png
metal_nut,42,1.0,154,test,/kaggle/input/datasets/ipythonx/mvtec-ad/metal_nut/test/bent/017.png,1,bent,/kaggle/input/datasets/ipythonx/mvtec-ad/metal_nut/ground_truth/bent/017_mask.png
metal_nut,42,1.0,154,test,/kaggle/input/datasets/ipythonx/mvtec-ad/metal_nut/test/bent/018.png,1,bent,/kaggle/input/datasets/ipythonx/mvtec-ad/metal_nut/ground_truth/bent/018_mask.png
metal_nut,42,1.0,154,test,/kaggle/input/datasets/ipythonx/mvtec-ad/metal_nut/test/bent/019.png,1,bent,/kaggle/input/datasets/ipythonx/mvtec-ad/metal_nut/ground_truth/bent/019_mask.png
metal_nut,42,1.0,154,test,/kaggle/input/datasets/ipythonx/mvtec-ad/metal_nut/test/bent/020.png,1,bent,/kaggle/input/datasets/ipythonx/mvtec-ad/metal_nut/ground_truth/bent/020_mask.png
metal_nut,42,1.0,154,test,/kaggle/input/datasets/ipythonx/mvtec-ad/metal_nut/test/bent/021.png,1,bent,/kaggle/input/datasets/ipythonx/mvtec-ad/metal_nut/ground_truth/bent/021_mask.png
metal_nut,42,1.0,154,test,/kaggle/input/datasets/ipythonx/mvtec-ad/metal_nut/test/bent/022.png,1,bent,/kaggle/input/datasets/ipythonx/mvtec-ad/metal_nut/ground_truth/bent/022_mask.png
metal_nut,42,1.0,154,test,/kaggle/input/datasets/ipythonx/mvtec-ad/metal_nut/test/bent/023.png,1,bent,/kaggle/input/datasets/ipythonx/mvtec-ad/metal_nut/ground_truth/bent/023_mask.png
metal_nut,42,1.0,154,test,/kaggle/input/datasets/ipythonx/mvtec-ad/metal_nut/test/bent/024.png,1,bent,/kaggle/input/datasets/ipythonx/mvtec-ad/metal_nut/ground_truth/bent/024_mask.png
metal_nut,42,1.0,154,test,/kaggle/input/datasets/ipythonx/mvtec-ad/metal_nut/test/color/000.png,1,color,/kaggle/input/datasets/ipythonx/mvtec-ad/metal_nut/ground_truth/color/000_mask.png
metal_nut,42,1.0,154,test,/kaggle/input/datasets/ipythonx/mvtec-ad/metal_nut/test/color/001.png,1,color,/kaggle/input/datasets/ipythonx/mvtec-ad/metal_nut/ground_truth/color/001_mask.png
metal_nut,42,1.0,154,test,/kaggle/input/datasets/ipythonx/mvtec-ad/metal_nut/test/color/002.png,1,color,/kaggle/input/datasets/ipythonx/mvtec-ad/metal_nut/ground_truth/color/002_mask.png
metal_nut,42,1.0,154,test,/kaggle/input/datasets/ipythonx/mvtec-ad/metal_nut/test/color/003.png,1,color,/kaggle/input/datasets/ipythonx/mvtec-ad/metal_nut/ground_truth/color/003_mask.png
metal_nut,42,1.0,154,test,/kaggle/input/datasets/ipythonx/mvtec-ad/metal_nut/test/color/004.png,1,color,/kaggle/input/datasets/ipythonx/mvtec-ad/metal_nut/ground_truth/color/004_mask.png
metal_nut,42,1.0,154,test,/kaggle/input/datasets/ipythonx/mvtec-ad/metal_nut/test/color/005.png,1,color,/kaggle/input/datasets/ipythonx/mvtec-ad/metal_nut/ground_truth/color/005_mask.png
metal_nut,42,1.0,154,test,/kaggle/input/datasets/ipythonx/mvtec-ad/metal_nut/test/color/006.png,1,color,/kaggle/input/datasets/ipythonx/mvtec-ad/metal_nut/ground_truth/color/006_mask.png
metal_nut,42,1.0,154,test,/kaggle/input/datasets/ipythonx/mvtec-ad/metal_nut/test/color/007.png,1,color,/kaggle/input/datasets/ipythonx/mvtec-ad/metal_nut/ground_truth/color/007_mask.png
metal_nut,42,1.0,154,test,/kaggle/input/datasets/ipythonx/mvtec-ad/metal_nut/test/color/008.png,1,color,/kaggle/input/datasets/ipythonx/mvtec-ad/metal_nut/ground_truth/color/008_mask.png
metal_nut,42,1.0,154,test,/kaggle/input/datasets/ipythonx/mvtec-ad/metal_nut/test/color/009.png,1,color,/kaggle/input/datasets/ipythonx/mvtec-ad/metal_nut/ground_truth/color/009_mask.png
metal_nut,42,1.0,154,test,/kaggle/input/datasets/ipythonx/mvtec-ad/metal_nut/test/color/010.png,1,color,/kaggle/input/datasets/ipythonx/mvtec-ad/metal_nut/ground_truth/color/010_mask.png
metal_nut,42,1.0,154,test,/kaggle/input/datasets/ipythonx/mvtec-ad/metal_nut/test/color/011.png,1,color,/kaggle/input/datasets/ipythonx/mvtec-ad/metal_nut/ground_truth/color/011_mask.png
metal_nut,42,1.0,154,test,/kaggle/input/datasets/ipythonx/mvtec-ad/metal_nut/test/color/012.png,1,color,/kaggle/input/datasets/ipythonx/mvtec-ad/metal_nut/ground_truth/color/012_mask.png
metal_nut,42,1.0,154,test,/kaggle/input/datasets/ipythonx/mvtec-ad/metal_nut/test/color/013.png,1,color,/kaggle/input/datasets/ipythonx/mvtec-ad/metal_nut/ground_truth/color/013_mask.png
metal_nut,42,1.0,154,test,/kaggle/input/datasets/ipythonx/mvtec-ad/metal_nut/test/color/014.png,1,color,/kaggle/input/datasets/ipythonx/mvtec-ad/metal_nut/ground_truth/color/014_mask.png
metal_nut,42,1.0,154,test,/kaggle/input/datasets/ipythonx/mvtec-ad/metal_nut/test/color/015.png,1,color,/kaggle/input/datasets/ipythonx/mvtec-ad/metal_nut/ground_truth/color/015_mask.png
metal_nut,42,1.0,154,test,/kaggle/input/datasets/ipythonx/mvtec-ad/metal_nut/test/color/016.png,1,color,/kaggle/input/datasets/ipythonx/mvtec-ad/metal_nut/ground_truth/color/016_mask.png
metal_nut,42,1.0,154,test,/kaggle/input/datasets/ipythonx/mvtec-ad/metal_nut/test/color/017.png,1,color,/kaggle/input/datasets/ipythonx/mvtec-ad/metal_nut/ground_truth/color/017_mask.png
metal_nut,42,1.0,154,test,/kaggle/input/datasets/ipythonx/mvtec-ad/metal_nut/test/color/018.png,1,color,/kaggle/input/datasets/ipythonx/mvtec-ad/metal_nut/ground_truth/color/018_mask.png
metal_nut,42,1.0,154,test,/kaggle/input/datasets/ipythonx/mvtec-ad/metal_nut/test/color/019.png,1,color,/kaggle/input/datasets/ipythonx/mvtec-ad/metal_nut/ground_truth/color/019_mask.png
metal_nut,42,1.0,154,test,/kaggle/input/datasets/ipythonx/mvtec-ad/metal_nut/test/color/020.png,1,color,/kaggle/input/datasets/ipythonx/mvtec-ad/metal_nut/ground_truth/color/020_mask.png
metal_nut,42,1.0,154,test,/kaggle/input/datasets/ipythonx/mvtec-ad/metal_nut/test/color/021.png,1,color,/kaggle/input/datasets/ipythonx/mvtec-ad/metal_nut/ground_truth/color/021_mask.png
metal_nut,42,1.0,154,test,/kaggle/input/datasets/ipythonx/mvtec-ad/metal_nut/test/flip/000.png,1,flip,/kaggle/input/datasets/ipythonx/mvtec-ad/metal_nut/ground_truth/flip/000_mask.png
metal_nut,42,1.0,154,test,/kaggle/input/datasets/ipythonx/mvtec-ad/metal_nut/test/flip/001.png,1,flip,/kaggle/input/datasets/ipythonx/mvtec-ad/metal_nut/ground_truth/flip/001_mask.png
metal_nut,42,1.0,154,test,/kaggle/input/datasets/ipythonx/mvtec-ad/metal_nut/test/flip/002.png,1,flip,/kaggle/input/datasets/ipythonx/mvtec-ad/metal_nut/ground_truth/flip/002_mask.png
metal_nut,42,1.0,154,test,/kaggle/input/datasets/ipythonx/mvtec-ad/metal_nut/test/flip/003.png,1,flip,/kaggle/input/datasets/ipythonx/mvtec-ad/metal_nut/ground_truth/flip/003_mask.png
metal_nut,42,1.0,154,test,/kaggle/input/datasets/ipythonx/mvtec-ad/metal_nut/test/flip/004.png,1,flip,/kaggle/input/datasets/ipythonx/mvtec-ad/metal_nut/ground_truth/flip/004_mask.png
metal_nut,42,1.0,154,test,/kaggle/input/datasets/ipythonx/mvtec-ad/metal_nut/test/flip/005.png,1,flip,/kaggle/input/datasets/ipythonx/mvtec-ad/metal_nut/ground_truth/flip/005_mask.png
metal_nut,42,1.0,154,test,/kaggle/input/datasets/ipythonx/mvtec-ad/metal_nut/test/flip/006.png,1,flip,/kaggle/input/datasets/ipythonx/mvtec-ad/metal_nut/ground_truth/flip/006_mask.png
metal_nut,42,1.0,154,test,/kaggle/input/datasets/ipythonx/mvtec-ad/metal_nut/test/flip/007.png,1,flip,/kaggle/input/datasets/ipythonx/mvtec-ad/metal_nut/ground_truth/flip/007_mask.png
metal_nut,42,1.0,154,test,/kaggle/input/datasets/ipythonx/mvtec-ad/metal_nut/test/flip/008.png,1,flip,/kaggle/input/datasets/ipythonx/mvtec-ad/metal_nut/ground_truth/flip/008_mask.png
metal_nut,42,1.0,154,test,/kaggle/input/datasets/ipythonx/mvtec-ad/metal_nut/test/flip/009.png,1,flip,/kaggle/input/datasets/ipythonx/mvtec-ad/metal_nut/ground_truth/flip/009_mask.png
metal_nut,42,1.0,154,test,/kaggle/input/datasets/ipythonx/mvtec-ad/metal_nut/test/flip/010.png,1,flip,/kaggle/input/datasets/ipythonx/mvtec-ad/metal_nut/ground_truth/flip/010_mask.png
metal_nut,42,1.0,154,test,/kaggle/input/datasets/ipythonx/mvtec-ad/metal_nut/test/flip/011.png,1,flip,/kaggle/input/datasets/ipythonx/mvtec-ad/metal_nut/ground_truth/flip/011_mask.png
metal_nut,42,1.0,154,test,/kaggle/input/datasets/ipythonx/mvtec-ad/metal_nut/test/flip/012.png,1,flip,/kaggle/input/datasets/ipythonx/mvtec-ad/metal_nut/ground_truth/flip/012_mask.png
metal_nut,42,1.0,154,test,/kaggle/input/datasets/ipythonx/mvtec-ad/metal_nut/test/flip/013.png,1,flip,/kaggle/input/datasets/ipythonx/mvtec-ad/metal_nut/ground_truth/flip/013_mask.png
metal_nut,42,1.0,154,test,/kaggle/input/datasets/ipythonx/mvtec-ad/metal_nut/test/flip/014.png,1,flip,/kaggle/input/datasets/ipythonx/mvtec-ad/metal_nut/ground_truth/flip/014_mask.png
metal_nut,42,1.0,154,test,/kaggle/input/datasets/ipythonx/mvtec-ad/metal_nut/test/flip/015.png,1,flip,/kaggle/input/datasets/ipythonx/mvtec-ad/metal_nut/ground_truth/flip/015_mask.png
metal_nut,42,1.0,154,test,/kaggle/input/datasets/ipythonx/mvtec-ad/metal_nut/test/flip/016.png,1,flip,/kaggle/input/datasets/ipythonx/mvtec-ad/metal_nut/ground_truth/flip/016_mask.png
metal_nut,42,1.0,154,test,/kaggle/input/datasets/ipythonx/mvtec-ad/metal_nut/test/flip/017.png,1,flip,/kaggle/input/datasets/ipythonx/mvtec-ad/metal_nut/ground_truth/flip/017_mask.png
metal_nut,42,1.0,154,test,/kaggle/input/datasets/ipythonx/mvtec-ad/metal_nut/test/flip/018.png,1,flip,/kaggle/input/datasets/ipythonx/mvtec-ad/metal_nut/ground_truth/flip/018_mask.png
metal_nut,42,1.0,154,test,/kaggle/input/datasets/ipythonx/mvtec-ad/metal_nut/test/flip/019.png,1,flip,/kaggle/input/datasets/ipythonx/mvtec-ad/metal_nut/ground_truth/flip/019_mask.png
metal_nut,42,1.0,154,test,/kaggle/input/datasets/ipythonx/mvtec-ad/metal_nut/test/flip/020.png,1,flip,/kaggle/input/datasets/ipythonx/mvtec-ad/metal_nut/ground_truth/flip/020_mask.png
metal_nut,42,1.0,154,test,/kaggle/input/datasets/ipythonx/mvtec-ad/metal_nut/test/flip/021.png,1,flip,/kaggle/input/datasets/ipythonx/mvtec-ad/metal_nut/ground_truth/flip/021_mask.png
metal_nut,42,1.0,154,test,/kaggle/input/datasets/ipythonx/mvtec-ad/metal_nut/test/flip/022.png,1,flip,/kaggle/input/datasets/ipythonx/mvtec-ad/metal_nut/ground_truth/flip/022_mask.png
metal_nut,42,1.0,154,test,/kaggle/input/datasets/ipythonx/mvtec-ad/metal_nut/test/good/000.png,0,good,
metal_nut,42,1.0,154,test,/kaggle/input/datasets/ipythonx/mvtec-ad/metal_nut/test/good/001.png,0,good,
metal_nut,42,1.0,154,test,/kaggle/input/datasets/ipythonx/mvtec-ad/metal_nut/test/good/002.png,0,good,
metal_nut,42,1.0,154,test,/kaggle/input/datasets/ipythonx/mvtec-ad/metal_nut/test/good/003.png,0,good,
metal_nut,42,1.0,154,test,/kaggle/input/datasets/ipythonx/mvtec-ad/metal_nut/test/good/004.png,0,good,
metal_nut,42,1.0,154,test,/kaggle/input/datasets/ipythonx/mvtec-ad/metal_nut/test/good/005.png,0,good,
metal_nut,42,1.0,154,test,/kaggle/input/datasets/ipythonx/mvtec-ad/metal_nut/test/good/006.png,0,good,
metal_nut,42,1.0,154,test,/kaggle/input/datasets/ipythonx/mvtec-ad/metal_nut/test/good/007.png,0,good,
metal_nut,42,1.0,154,test,/kaggle/input/datasets/ipythonx/mvtec-ad/metal_nut/test/good/008.png,0,good,
metal_nut,42,1.0,154,test,/kaggle/input/datasets/ipythonx/mvtec-ad/metal_nut/test/good/009.png,0,good,
metal_nut,42,1.0,154,test,/kaggle/input/datasets/ipythonx/mvtec-ad/metal_nut/test/good/010.png,0,good,
metal_nut,42,1.0,154,test,/kaggle/input/datasets/ipythonx/mvtec-ad/metal_nut/test/good/011.png,0,good,
metal_nut,42,1.0,154,test,/kaggle/input/datasets/ipythonx/mvtec-ad/metal_nut/test/good/012.png,0,good,
metal_nut,42,1.0,154,test,/kaggle/input/datasets/ipythonx/mvtec-ad/metal_nut/test/good/013.png,0,good,
metal_nut,42,1.0,154,test,/kaggle/input/datasets/ipythonx/mvtec-ad/metal_nut/test/good/014.png,0,good,
metal_nut,42,1.0,154,test,/kaggle/input/datasets/ipythonx/mvtec-ad/metal_nut/test/good/015.png,0,good,
metal_nut,42,1.0,154,test,/kaggle/input/datasets/ipythonx/mvtec-ad/metal_nut/test/good/016.png,0,good,
metal_nut,42,1.0,154,test,/kaggle/input/datasets/ipythonx/mvtec-ad/metal_nut/test/good/017.png,0,good,
metal_nut,42,1.0,154,test,/kaggle/input/datasets/ipythonx/mvtec-ad/metal_nut/test/good/018.png,0,good,
metal_nut,42,1.0,154,test,/kaggle/input/datasets/ipythonx/mvtec-ad/metal_nut/test/good/019.png,0,good,
metal_nut,42,1.0,154,test,/kaggle/input/datasets/ipythonx/mvtec-ad/metal_nut/test/good/020.png,0,good,
metal_nut,42,1.0,154,test,/kaggle/input/datasets/ipythonx/mvtec-ad/metal_nut/test/good/021.png,0,good,
metal_nut,42,1.0,154,test,/kaggle/input/datasets/ipythonx/mvtec-ad/metal_nut/test/scratch/000.png,1,scratch,/kaggle/input/datasets/ipythonx/mvtec-ad/metal_nut/ground_truth/scratch/000_mask.png
metal_nut,42,1.0,154,test,/kaggle/input/datasets/ipythonx/mvtec-ad/metal_nut/test/scratch/001.png,1,scratch,/kaggle/input/datasets/ipythonx/mvtec-ad/metal_nut/ground_truth/scratch/001_mask.png
metal_nut,42,1.0,154,test,/kaggle/input/datasets/ipythonx/mvtec-ad/metal_nut/test/scratch/002.png,1,scratch,/kaggle/input/datasets/ipythonx/mvtec-ad/metal_nut/ground_truth/scratch/002_mask.png
metal_nut,42,1.0,154,test,/kaggle/input/datasets/ipythonx/mvtec-ad/metal_nut/test/scratch/003.png,1,scratch,/kaggle/input/datasets/ipythonx/mvtec-ad/metal_nut/ground_truth/scratch/003_mask.png
metal_nut,42,1.0,154,test,/kaggle/input/datasets/ipythonx/mvtec-ad/metal_nut/test/scratch/004.png,1,scratch,/kaggle/input/datasets/ipythonx/mvtec-ad/metal_nut/ground_truth/scratch/004_mask.png
metal_nut,42,1.0,154,test,/kaggle/input/datasets/ipythonx/mvtec-ad/metal_nut/test/scratch/005.png,1,scratch,/kaggle/input/datasets/ipythonx/mvtec-ad/metal_nut/ground_truth/scratch/005_mask.png
metal_nut,42,1.0,154,test,/kaggle/input/datasets/ipythonx/mvtec-ad/metal_nut/test/scratch/006.png,1,scratch,/kaggle/input/datasets/ipythonx/mvtec-ad/metal_nut/ground_truth/scratch/006_mask.png
metal_nut,42,1.0,154,test,/kaggle/input/datasets/ipythonx/mvtec-ad/metal_nut/test/scratch/007.png,1,scratch,/kaggle/input/datasets/ipythonx/mvtec-ad/metal_nut/ground_truth/scratch/007_mask.png
metal_nut,42,1.0,154,test,/kaggle/input/datasets/ipythonx/mvtec-ad/metal_nut/test/scratch/008.png,1,scratch,/kaggle/input/datasets/ipythonx/mvtec-ad/metal_nut/ground_truth/scratch/008_mask.png
metal_nut,42,1.0,154,test,/kaggle/input/datasets/ipythonx/mvtec-ad/metal_nut/test/scratch/009.png,1,scratch,/kaggle/input/datasets/ipythonx/mvtec-ad/metal_nut/ground_truth/scratch/009_mask.png
metal_nut,42,1.0,154,test,/kaggle/input/datasets/ipythonx/mvtec-ad/metal_nut/test/scratch/010.png,1,scratch,/kaggle/input/datasets/ipythonx/mvtec-ad/metal_nut/ground_truth/scratch/010_mask.png
metal_nut,42,1.0,154,test,/kaggle/input/datasets/ipythonx/mvtec-ad/metal_nut/test/scratch/011.png,1,scratch,/kaggle/input/datasets/ipythonx/mvtec-ad/metal_nut/ground_truth/scratch/011_mask.png
metal_nut,42,1.0,154,test,/kaggle/input/datasets/ipythonx/mvtec-ad/metal_nut/test/scratch/012.png,1,scratch,/kaggle/input/datasets/ipythonx/mvtec-ad/metal_nut/ground_truth/scratch/012_mask.png
metal_nut,42,1.0,154,test,/kaggle/input/datasets/ipythonx/mvtec-ad/metal_nut/test/scratch/013.png,1,scratch,/kaggle/input/datasets/ipythonx/mvtec-ad/metal_nut/ground_truth/scratch/013_mask.png
metal_nut,42,1.0,154,test,/kaggle/input/datasets/ipythonx/mvtec-ad/metal_nut/test/scratch/014.png,1,scratch,/kaggle/input/datasets/ipythonx/mvtec-ad/metal_nut/ground_truth/scratch/014_mask.png
metal_nut,42,1.0,154,test,/kaggle/input/datasets/ipythonx/mvtec-ad/metal_nut/test/scratch/015.png,1,scratch,/kaggle/input/datasets/ipythonx/mvtec-ad/metal_nut/ground_truth/scratch/015_mask.png
metal_nut,42,1.0,154,test,/kaggle/input/datasets/ipythonx/mvtec-ad/metal_nut/test/scratch/016.png,1,scratch,/kaggle/input/datasets/ipythonx/mvtec-ad/metal_nut/ground_truth/scratch/016_mask.png
metal_nut,42,1.0,154,test,/kaggle/input/datasets/ipythonx/mvtec-ad/metal_nut/test/scratch/017.png,1,scratch,/kaggle/input/datasets/ipythonx/mvtec-ad/metal_nut/ground_truth/scratch/017_mask.png
metal_nut,42,1.0,154,test,/kaggle/input/datasets/ipythonx/mvtec-ad/metal_nut/test/scratch/018.png,1,scratch,/kaggle/input/datasets/ipythonx/mvtec-ad/metal_nut/ground_truth/scratch/018_mask.png
metal_nut,42,1.0,154,test,/kaggle/input/datasets/ipythonx/mvtec-ad/metal_nut/test/scratch/019.png,1,scratch,/kaggle/input/datasets/ipythonx/mvtec-ad/metal_nut/ground_truth/scratch/019_mask.png
metal_nut,42,1.0,154,test,/kaggle/input/datasets/ipythonx/mvtec-ad/metal_nut/test/scratch/020.png,1,scratch,/kaggle/input/datasets/ipythonx/mvtec-ad/metal_nut/ground_truth/scratch/020_mask.png
metal_nut,42,1.0,154,test,/kaggle/input/datasets/ipythonx/mvtec-ad/metal_nut/test/scratch/021.png,1,scratch,/kaggle/input/datasets/ipythonx/mvtec-ad/metal_nut/ground_truth/scratch/021_mask.png
metal_nut,42,1.0,154,test,/kaggle/input/datasets/ipythonx/mvtec-ad/metal_nut/test/scratch/022.png,1,scratch,/kaggle/input/datasets/ipythonx/mvtec-ad/metal_nut/ground_truth/scratch/022_mask.png
tile,42,1.0,161,fit,/kaggle/input/datasets/ipythonx/mvtec-ad/tile/train/good/104.png,0,good,
tile,42,1.0,161,fit,/kaggle/input/datasets/ipythonx/mvtec-ad/tile/train/good/083.png,0,good,
tile,42,1.0,161,fit,/kaggle/input/datasets/ipythonx/mvtec-ad/tile/train/good/152.png,0,good,
tile,42,1.0,161,fit,/kaggle/input/datasets/ipythonx/mvtec-ad/tile/train/good/082.png,0,good,
tile,42,1.0,161,fit,/kaggle/input/datasets/ipythonx/mvtec-ad/tile/train/good/192.png,0,good,
tile,42,1.0,161,fit,/kaggle/input/datasets/ipythonx/mvtec-ad/tile/train/good/020.png,0,good,
tile,42,1.0,161,fit,/kaggle/input/datasets/ipythonx/mvtec-ad/tile/train/good/155.png,0,good,
tile,42,1.0,161,fit,/kaggle/input/datasets/ipythonx/mvtec-ad/tile/train/good/025.png,0,good,
tile,42,1.0,161,fit,/kaggle/input/datasets/ipythonx/mvtec-ad/tile/train/good/074.png,0,good,
tile,42,1.0,161,fit,/kaggle/input/datasets/ipythonx/mvtec-ad/tile/train/good/220.png,0,good,
tile,42,1.0,161,fit,/kaggle/input/datasets/ipythonx/mvtec-ad/tile/train/good/206.png,0,good,
tile,42,1.0,161,fit,/kaggle/input/datasets/ipythonx/mvtec-ad/tile/train/good/081.png,0,good,
tile,42,1.0,161,fit,/kaggle/input/datasets/ipythonx/mvtec-ad/tile/train/good/115.png,0,good,
tile,42,1.0,161,fit,/kaggle/input/datasets/ipythonx/mvtec-ad/tile/train/good/187.png,0,good,
tile,42,1.0,161,fit,/kaggle/input/datasets/ipythonx/mvtec-ad/tile/train/good/214.png,0,good,
tile,42,1.0,161,fit,/kaggle/input/datasets/ipythonx/mvtec-ad/tile/train/good/067.png,0,good,
tile,42,1.0,161,fit,/kaggle/input/datasets/ipythonx/mvtec-ad/tile/train/good/100.png,0,good,
tile,42,1.0,161,fit,/kaggle/input/datasets/ipythonx/mvtec-ad/tile/train/good/009.png,0,good,
tile,42,1.0,161,fit,/kaggle/input/datasets/ipythonx/mvtec-ad/tile/train/good/118.png,0,good,
tile,42,1.0,161,fit,/kaggle/input/datasets/ipythonx/mvtec-ad/tile/train/good/114.png,0,good,
tile,42,1.0,161,fit,/kaggle/input/datasets/ipythonx/mvtec-ad/tile/train/good/075.png,0,good,
tile,42,1.0,161,fit,/kaggle/input/datasets/ipythonx/mvtec-ad/tile/train/good/037.png,0,good,
tile,42,1.0,161,fit,/kaggle/input/datasets/ipythonx/mvtec-ad/tile/train/good/130.png,0,good,
tile,42,1.0,161,fit,/kaggle/input/datasets/ipythonx/mvtec-ad/tile/train/good/157.png,0,good,
tile,42,1.0,161,fit,/kaggle/input/datasets/ipythonx/mvtec-ad/tile/train/good/107.png,0,good,
tile,42,1.0,161,fit,/kaggle/input/datasets/ipythonx/mvtec-ad/tile/train/good/112.png,0,good,
tile,42,1.0,161,fit,/kaggle/input/datasets/ipythonx/mvtec-ad/tile/train/good/132.png,0,good,
tile,42,1.0,161,fit,/kaggle/input/datasets/ipythonx/mvtec-ad/tile/train/good/126.png,0,good,
tile,42,1.0,161,fit,/kaggle/input/datasets/ipythonx/mvtec-ad/tile/train/good/121.png,0,good,
tile,42,1.0,161,fit,/kaggle/input/datasets/ipythonx/mvtec-ad/tile/train/good/059.png,0,good,
tile,42,1.0,161,fit,/kaggle/input/datasets/ipythonx/mvtec-ad/tile/train/good/166.png,0,good,
tile,42,1.0,161,fit,/kaggle/input/datasets/ipythonx/mvtec-ad/tile/train/good/117.png,0,good,
tile,42,1.0,161,fit,/kaggle/input/datasets/ipythonx/mvtec-ad/tile/train/good/128.png,0,good,
tile,42,1.0,161,fit,/kaggle/input/datasets/ipythonx/mvtec-ad/tile/train/good/154.png,0,good,
tile,42,1.0,161,fit,/kaggle/input/datasets/ipythonx/mvtec-ad/tile/train/good/095.png,0,good,
tile,42,1.0,161,fit,/kaggle/input/datasets/ipythonx/mvtec-ad/tile/train/good/116.png,0,good,
tile,42,1.0,161,fit,/kaggle/input/datasets/ipythonx/mvtec-ad/tile/train/good/045.png,0,good,
tile,42,1.0,161,fit,/kaggle/input/datasets/ipythonx/mvtec-ad/tile/train/good/078.png,0,good,
tile,42,1.0,161,fit,/kaggle/input/datasets/ipythonx/mvtec-ad/tile/train/good/003.png,0,good,
tile,42,1.0,161,fit,/kaggle/input/datasets/ipythonx/mvtec-ad/tile/train/good/000.png,0,good,
tile,42,1.0,161,fit,/kaggle/input/datasets/ipythonx/mvtec-ad/tile/train/good/207.png,0,good,
tile,42,1.0,161,fit,/kaggle/input/datasets/ipythonx/mvtec-ad/tile/train/good/091.png,0,good,
tile,42,1.0,161,fit,/kaggle/input/datasets/ipythonx/mvtec-ad/tile/train/good/094.png,0,good,
tile,42,1.0,161,fit,/kaggle/input/datasets/ipythonx/mvtec-ad/tile/train/good/054.png,0,good,
tile,42,1.0,161,fit,/kaggle/input/datasets/ipythonx/mvtec-ad/tile/train/good/143.png,0,good,
tile,42,1.0,161,fit,/kaggle/input/datasets/ipythonx/mvtec-ad/tile/train/good/131.png,0,good,
tile,42,1.0,161,fit,/kaggle/input/datasets/ipythonx/mvtec-ad/tile/train/good/092.png,0,good,
tile,42,1.0,161,fit,/kaggle/input/datasets/ipythonx/mvtec-ad/tile/train/good/133.png,0,good,
tile,42,1.0,161,fit,/kaggle/input/datasets/ipythonx/mvtec-ad/tile/train/good/089.png,0,good,
tile,42,1.0,161,fit,/kaggle/input/datasets/ipythonx/mvtec-ad/tile/train/good/055.png,0,good,
tile,42,1.0,161,fit,/kaggle/input/datasets/ipythonx/mvtec-ad/tile/train/good/012.png,0,good,
tile,42,1.0,161,fit,/kaggle/input/datasets/ipythonx/mvtec-ad/tile/train/good/217.png,0,good,
tile,42,1.0,161,fit,/kaggle/input/datasets/ipythonx/mvtec-ad/tile/train/good/048.png,0,good,
tile,42,1.0,161,fit,/kaggle/input/datasets/ipythonx/mvtec-ad/tile/train/good/153.png,0,good,
tile,42,1.0,161,fit,/kaggle/input/datasets/ipythonx/mvtec-ad/tile/train/good/186.png,0,good,
tile,42,1.0,161,fit,/kaggle/input/datasets/ipythonx/mvtec-ad/tile/train/good/013.png,0,good,
tile,42,1.0,161,fit,/kaggle/input/datasets/ipythonx/mvtec-ad/tile/train/good/221.png,0,good,
tile,42,1.0,161,fit,/kaggle/input/datasets/ipythonx/mvtec-ad/tile/train/good/145.png,0,good,
tile,42,1.0,161,fit,/kaggle/input/datasets/ipythonx/mvtec-ad/tile/train/good/021.png,0,good,
tile,42,1.0,161,fit,/kaggle/input/datasets/ipythonx/mvtec-ad/tile/train/good/204.png,0,good,
tile,42,1.0,161,fit,/kaggle/input/datasets/ipythonx/mvtec-ad/tile/train/good/123.png,0,good,
tile,42,1.0,161,fit,/kaggle/input/datasets/ipythonx/mvtec-ad/tile/train/good/125.png,0,good,
tile,42,1.0,161,fit,/kaggle/input/datasets/ipythonx/mvtec-ad/tile/train/good/226.png,0,good,
tile,42,1.0,161,fit,/kaggle/input/datasets/ipythonx/mvtec-ad/tile/train/good/120.png,0,good,
tile,42,1.0,161,fit,/kaggle/input/datasets/ipythonx/mvtec-ad/tile/train/good/068.png,0,good,
tile,42,1.0,161,fit,/kaggle/input/datasets/ipythonx/mvtec-ad/tile/train/good/101.png,0,good,
tile,42,1.0,161,fit,/kaggle/input/datasets/ipythonx/mvtec-ad/tile/train/good/161.png,0,good,
tile,42,1.0,161,fit,/kaggle/input/datasets/ipythonx/mvtec-ad/tile/train/good/029.png,0,good,
tile,42,1.0,161,fit,/kaggle/input/datasets/ipythonx/mvtec-ad/tile/train/good/159.png,0,good,
tile,42,1.0,161,fit,/kaggle/input/datasets/ipythonx/mvtec-ad/tile/train/good/086.png,0,good,
tile,42,1.0,161,fit,/kaggle/input/datasets/ipythonx/mvtec-ad/tile/train/good/208.png,0,good,
tile,42,1.0,161,fit,/kaggle/input/datasets/ipythonx/mvtec-ad/tile/train/good/135.png,0,good,
tile,42,1.0,161,fit,/kaggle/input/datasets/ipythonx/mvtec-ad/tile/train/good/063.png,0,good,
tile,42,1.0,161,fit,/kaggle/input/datasets/ipythonx/mvtec-ad/tile/train/good/065.png,0,good,
tile,42,1.0,161,fit,/kaggle/input/datasets/ipythonx/mvtec-ad/tile/train/good/229.png,0,good,
tile,42,1.0,161,fit,/kaggle/input/datasets/ipythonx/mvtec-ad/tile/train/good/028.png,0,good,
tile,42,1.0,161,fit,/kaggle/input/datasets/ipythonx/mvtec-ad/tile/train/good/072.png,0,good,
tile,42,1.0,161,fit,/kaggle/input/datasets/ipythonx/mvtec-ad/tile/train/good/062.png,0,good,
tile,42,1.0,161,fit,/kaggle/input/datasets/ipythonx/mvtec-ad/tile/train/good/027.png,0,good,
tile,42,1.0,161,fit,/kaggle/input/datasets/ipythonx/mvtec-ad/tile/train/good/146.png,0,good,
tile,42,1.0,161,fit,/kaggle/input/datasets/ipythonx/mvtec-ad/tile/train/good/150.png,0,good,
tile,42,1.0,161,fit,/kaggle/input/datasets/ipythonx/mvtec-ad/tile/train/good/167.png,0,good,
tile,42,1.0,161,fit,/kaggle/input/datasets/ipythonx/mvtec-ad/tile/train/good/124.png,0,good,
tile,42,1.0,161,fit,/kaggle/input/datasets/ipythonx/mvtec-ad/tile/train/good/188.png,0,good,
tile,42,1.0,161,fit,/kaggle/input/datasets/ipythonx/mvtec-ad/tile/train/good/171.png,0,good,
tile,42,1.0,161,fit,/kaggle/input/datasets/ipythonx/mvtec-ad/tile/train/good/079.png,0,good,
tile,42,1.0,161,fit,/kaggle/input/datasets/ipythonx/mvtec-ad/tile/train/good/222.png,0,good,
tile,42,1.0,161,fit,/kaggle/input/datasets/ipythonx/mvtec-ad/tile/train/good/216.png,0,good,
tile,42,1.0,161,fit,/kaggle/input/datasets/ipythonx/mvtec-ad/tile/train/good/119.png,0,good,
tile,42,1.0,161,fit,/kaggle/input/datasets/ipythonx/mvtec-ad/tile/train/good/147.png,0,good,
tile,42,1.0,161,fit,/kaggle/input/datasets/ipythonx/mvtec-ad/tile/train/good/173.png,0,good,
tile,42,1.0,161,fit,/kaggle/input/datasets/ipythonx/mvtec-ad/tile/train/good/177.png,0,good,
tile,42,1.0,161,fit,/kaggle/input/datasets/ipythonx/mvtec-ad/tile/train/good/093.png,0,good,
tile,42,1.0,161,fit,/kaggle/input/datasets/ipythonx/mvtec-ad/tile/train/good/170.png,0,good,
tile,42,1.0,161,fit,/kaggle/input/datasets/ipythonx/mvtec-ad/tile/train/good/056.png,0,good,
tile,42,1.0,161,fit,/kaggle/input/datasets/ipythonx/mvtec-ad/tile/train/good/144.png,0,good,
tile,42,1.0,161,fit,/kaggle/input/datasets/ipythonx/mvtec-ad/tile/train/good/180.png,0,good,
tile,42,1.0,161,fit,/kaggle/input/datasets/ipythonx/mvtec-ad/tile/train/good/038.png,0,good,
tile,42,1.0,161,fit,/kaggle/input/datasets/ipythonx/mvtec-ad/tile/train/good/185.png,0,good,
tile,42,1.0,161,fit,/kaggle/input/datasets/ipythonx/mvtec-ad/tile/train/good/156.png,0,good,
tile,42,1.0,161,fit,/kaggle/input/datasets/ipythonx/mvtec-ad/tile/train/good/148.png,0,good,
tile,42,1.0,161,fit,/kaggle/input/datasets/ipythonx/mvtec-ad/tile/train/good/085.png,0,good,
tile,42,1.0,161,fit,/kaggle/input/datasets/ipythonx/mvtec-ad/tile/train/good/024.png,0,good,
tile,42,1.0,161,fit,/kaggle/input/datasets/ipythonx/mvtec-ad/tile/train/good/169.png,0,good,
tile,42,1.0,161,fit,/kaggle/input/datasets/ipythonx/mvtec-ad/tile/train/good/174.png,0,good,
tile,42,1.0,161,fit,/kaggle/input/datasets/ipythonx/mvtec-ad/tile/train/good/099.png,0,good,
tile,42,1.0,161,fit,/kaggle/input/datasets/ipythonx/mvtec-ad/tile/train/good/178.png,0,good,
tile,42,1.0,161,fit,/kaggle/input/datasets/ipythonx/mvtec-ad/tile/train/good/002.png,0,good,
tile,42,1.0,161,fit,/kaggle/input/datasets/ipythonx/mvtec-ad/tile/train/good/198.png,0,good,
tile,42,1.0,161,fit,/kaggle/input/datasets/ipythonx/mvtec-ad/tile/train/good/033.png,0,good,
tile,42,1.0,161,fit,/kaggle/input/datasets/ipythonx/mvtec-ad/tile/train/good/215.png,0,good,
tile,42,1.0,161,fit,/kaggle/input/datasets/ipythonx/mvtec-ad/tile/train/good/084.png,0,good,
tile,42,1.0,161,fit,/kaggle/input/datasets/ipythonx/mvtec-ad/tile/train/good/080.png,0,good,
tile,42,1.0,161,fit,/kaggle/input/datasets/ipythonx/mvtec-ad/tile/train/good/103.png,0,good,
tile,42,1.0,161,fit,/kaggle/input/datasets/ipythonx/mvtec-ad/tile/train/good/203.png,0,good,
tile,42,1.0,161,fit,/kaggle/input/datasets/ipythonx/mvtec-ad/tile/train/good/201.png,0,good,
tile,42,1.0,161,fit,/kaggle/input/datasets/ipythonx/mvtec-ad/tile/train/good/189.png,0,good,
tile,42,1.0,161,fit,/kaggle/input/datasets/ipythonx/mvtec-ad/tile/train/good/134.png,0,good,
tile,42,1.0,161,fit,/kaggle/input/datasets/ipythonx/mvtec-ad/tile/train/good/219.png,0,good,
tile,42,1.0,161,fit,/kaggle/input/datasets/ipythonx/mvtec-ad/tile/train/good/218.png,0,good,
tile,42,1.0,161,fit,/kaggle/input/datasets/ipythonx/mvtec-ad/tile/train/good/010.png,0,good,
tile,42,1.0,161,fit,/kaggle/input/datasets/ipythonx/mvtec-ad/tile/train/good/052.png,0,good,
tile,42,1.0,161,fit,/kaggle/input/datasets/ipythonx/mvtec-ad/tile/train/good/066.png,0,good,
tile,42,1.0,161,fit,/kaggle/input/datasets/ipythonx/mvtec-ad/tile/train/good/050.png,0,good,
tile,42,1.0,161,fit,/kaggle/input/datasets/ipythonx/mvtec-ad/tile/train/good/087.png,0,good,
tile,42,1.0,161,fit,/kaggle/input/datasets/ipythonx/mvtec-ad/tile/train/good/191.png,0,good,
tile,42,1.0,161,fit,/kaggle/input/datasets/ipythonx/mvtec-ad/tile/train/good/165.png,0,good,
tile,42,1.0,161,fit,/kaggle/input/datasets/ipythonx/mvtec-ad/tile/train/good/162.png,0,good,
tile,42,1.0,161,fit,/kaggle/input/datasets/ipythonx/mvtec-ad/tile/train/good/196.png,0,good,
tile,42,1.0,161,fit,/kaggle/input/datasets/ipythonx/mvtec-ad/tile/train/good/046.png,0,good,
tile,42,1.0,161,fit,/kaggle/input/datasets/ipythonx/mvtec-ad/tile/train/good/090.png,0,good,
tile,42,1.0,161,fit,/kaggle/input/datasets/ipythonx/mvtec-ad/tile/train/good/172.png,0,good,
tile,42,1.0,161,fit,/kaggle/input/datasets/ipythonx/mvtec-ad/tile/train/good/223.png,0,good,
tile,42,1.0,161,fit,/kaggle/input/datasets/ipythonx/mvtec-ad/tile/train/good/127.png,0,good,
tile,42,1.0,161,fit,/kaggle/input/datasets/ipythonx/mvtec-ad/tile/train/good/168.png,0,good,
tile,42,1.0,161,fit,/kaggle/input/datasets/ipythonx/mvtec-ad/tile/train/good/106.png,0,good,
tile,42,1.0,161,fit,/kaggle/input/datasets/ipythonx/mvtec-ad/tile/train/good/200.png,0,good,
tile,42,1.0,161,fit,/kaggle/input/datasets/ipythonx/mvtec-ad/tile/train/good/183.png,0,good,
tile,42,1.0,161,fit,/kaggle/input/datasets/ipythonx/mvtec-ad/tile/train/good/096.png,0,good,
tile,42,1.0,161,fit,/kaggle/input/datasets/ipythonx/mvtec-ad/tile/train/good/070.png,0,good,
tile,42,1.0,161,fit,/kaggle/input/datasets/ipythonx/mvtec-ad/tile/train/good/210.png,0,good,
tile,42,1.0,161,fit,/kaggle/input/datasets/ipythonx/mvtec-ad/tile/train/good/098.png,0,good,
tile,42,1.0,161,fit,/kaggle/input/datasets/ipythonx/mvtec-ad/tile/train/good/032.png,0,good,
tile,42,1.0,161,fit,/kaggle/input/datasets/ipythonx/mvtec-ad/tile/train/good/151.png,0,good,
tile,42,1.0,161,fit,/kaggle/input/datasets/ipythonx/mvtec-ad/tile/train/good/051.png,0,good,
tile,42,1.0,161,fit,/kaggle/input/datasets/ipythonx/mvtec-ad/tile/train/good/039.png,0,good,
tile,42,1.0,161,fit,/kaggle/input/datasets/ipythonx/mvtec-ad/tile/train/good/111.png,0,good,
tile,42,1.0,161,fit,/kaggle/input/datasets/ipythonx/mvtec-ad/tile/train/good/071.png,0,good,
tile,42,1.0,161,fit,/kaggle/input/datasets/ipythonx/mvtec-ad/tile/train/good/008.png,0,good,
tile,42,1.0,161,fit,/kaggle/input/datasets/ipythonx/mvtec-ad/tile/train/good/138.png,0,good,
tile,42,1.0,161,fit,/kaggle/input/datasets/ipythonx/mvtec-ad/tile/train/good/158.png,0,good,
tile,42,1.0,161,fit,/kaggle/input/datasets/ipythonx/mvtec-ad/tile/train/good/007.png,0,good,
tile,42,1.0,161,fit,/kaggle/input/datasets/ipythonx/mvtec-ad/tile/train/good/004.png,0,good,
tile,42,1.0,161,fit,/kaggle/input/datasets/ipythonx/mvtec-ad/tile/train/good/088.png,0,good,
tile,42,1.0,161,fit,/kaggle/input/datasets/ipythonx/mvtec-ad/tile/train/good/005.png,0,good,
tile,42,1.0,161,fit,/kaggle/input/datasets/ipythonx/mvtec-ad/tile/train/good/073.png,0,good,
tile,42,1.0,161,fit,/kaggle/input/datasets/ipythonx/mvtec-ad/tile/train/good/225.png,0,good,
tile,42,1.0,161,fit,/kaggle/input/datasets/ipythonx/mvtec-ad/tile/train/good/149.png,0,good,
tile,42,1.0,161,fit,/kaggle/input/datasets/ipythonx/mvtec-ad/tile/train/good/026.png,0,good,
tile,42,1.0,161,fit,/kaggle/input/datasets/ipythonx/mvtec-ad/tile/train/good/108.png,0,good,
tile,42,1.0,161,fit,/kaggle/input/datasets/ipythonx/mvtec-ad/tile/train/good/018.png,0,good,
tile,42,1.0,161,validation,/kaggle/input/datasets/ipythonx/mvtec-ad/tile/train/good/001.png,0,good,
tile,42,1.0,161,validation,/kaggle/input/datasets/ipythonx/mvtec-ad/tile/train/good/042.png,0,good,
tile,42,1.0,161,validation,/kaggle/input/datasets/ipythonx/mvtec-ad/tile/train/good/122.png,0,good,
tile,42,1.0,161,validation,/kaggle/input/datasets/ipythonx/mvtec-ad/tile/train/good/017.png,0,good,
tile,42,1.0,161,validation,/kaggle/input/datasets/ipythonx/mvtec-ad/tile/train/good/211.png,0,good,
tile,42,1.0,161,validation,/kaggle/input/datasets/ipythonx/mvtec-ad/tile/train/good/053.png,0,good,
tile,42,1.0,161,validation,/kaggle/input/datasets/ipythonx/mvtec-ad/tile/train/good/076.png,0,good,
tile,42,1.0,161,validation,/kaggle/input/datasets/ipythonx/mvtec-ad/tile/train/good/228.png,0,good,
tile,42,1.0,161,validation,/kaggle/input/datasets/ipythonx/mvtec-ad/tile/train/good/040.png,0,good,
tile,42,1.0,161,validation,/kaggle/input/datasets/ipythonx/mvtec-ad/tile/train/good/069.png,0,good,
tile,42,1.0,161,validation,/kaggle/input/datasets/ipythonx/mvtec-ad/tile/train/good/227.png,0,good,
tile,42,1.0,161,validation,/kaggle/input/datasets/ipythonx/mvtec-ad/tile/train/good/129.png,0,good,
tile,42,1.0,161,validation,/kaggle/input/datasets/ipythonx/mvtec-ad/tile/train/good/197.png,0,good,
tile,42,1.0,161,validation,/kaggle/input/datasets/ipythonx/mvtec-ad/tile/train/good/105.png,0,good,
tile,42,1.0,161,validation,/kaggle/input/datasets/ipythonx/mvtec-ad/tile/train/good/179.png,0,good,
tile,42,1.0,161,validation,/kaggle/input/datasets/ipythonx/mvtec-ad/tile/train/good/011.png,0,good,
tile,42,1.0,161,validation,/kaggle/input/datasets/ipythonx/mvtec-ad/tile/train/good/142.png,0,good,
tile,42,1.0,161,validation,/kaggle/input/datasets/ipythonx/mvtec-ad/tile/train/good/043.png,0,good,
tile,42,1.0,161,validation,/kaggle/input/datasets/ipythonx/mvtec-ad/tile/train/good/199.png,0,good,
tile,42,1.0,161,validation,/kaggle/input/datasets/ipythonx/mvtec-ad/tile/train/good/160.png,0,good,
tile,42,1.0,161,validation,/kaggle/input/datasets/ipythonx/mvtec-ad/tile/train/good/061.png,0,good,
tile,42,1.0,161,validation,/kaggle/input/datasets/ipythonx/mvtec-ad/tile/train/good/057.png,0,good,
tile,42,1.0,161,validation,/kaggle/input/datasets/ipythonx/mvtec-ad/tile/train/good/184.png,0,good,
tile,42,1.0,161,validation,/kaggle/input/datasets/ipythonx/mvtec-ad/tile/train/good/023.png,0,good,
tile,42,1.0,161,validation,/kaggle/input/datasets/ipythonx/mvtec-ad/tile/train/good/164.png,0,good,
tile,42,1.0,161,validation,/kaggle/input/datasets/ipythonx/mvtec-ad/tile/train/good/224.png,0,good,
tile,42,1.0,161,validation,/kaggle/input/datasets/ipythonx/mvtec-ad/tile/train/good/015.png,0,good,
tile,42,1.0,161,validation,/kaggle/input/datasets/ipythonx/mvtec-ad/tile/train/good/176.png,0,good,
tile,42,1.0,161,validation,/kaggle/input/datasets/ipythonx/mvtec-ad/tile/train/good/060.png,0,good,
tile,42,1.0,161,validation,/kaggle/input/datasets/ipythonx/mvtec-ad/tile/train/good/109.png,0,good,
tile,42,1.0,161,validation,/kaggle/input/datasets/ipythonx/mvtec-ad/tile/train/good/137.png,0,good,
tile,42,1.0,161,validation,/kaggle/input/datasets/ipythonx/mvtec-ad/tile/train/good/190.png,0,good,
tile,42,1.0,161,validation,/kaggle/input/datasets/ipythonx/mvtec-ad/tile/train/good/031.png,0,good,
tile,42,1.0,161,validation,/kaggle/input/datasets/ipythonx/mvtec-ad/tile/train/good/016.png,0,good,
tile,42,1.0,161,calibration,/kaggle/input/datasets/ipythonx/mvtec-ad/tile/train/good/044.png,0,good,
tile,42,1.0,161,calibration,/kaggle/input/datasets/ipythonx/mvtec-ad/tile/train/good/213.png,0,good,
tile,42,1.0,161,calibration,/kaggle/input/datasets/ipythonx/mvtec-ad/tile/train/good/209.png,0,good,
tile,42,1.0,161,calibration,/kaggle/input/datasets/ipythonx/mvtec-ad/tile/train/good/195.png,0,good,
tile,42,1.0,161,calibration,/kaggle/input/datasets/ipythonx/mvtec-ad/tile/train/good/034.png,0,good,
tile,42,1.0,161,calibration,/kaggle/input/datasets/ipythonx/mvtec-ad/tile/train/good/030.png,0,good,
tile,42,1.0,161,calibration,/kaggle/input/datasets/ipythonx/mvtec-ad/tile/train/good/058.png,0,good,
tile,42,1.0,161,calibration,/kaggle/input/datasets/ipythonx/mvtec-ad/tile/train/good/202.png,0,good,
tile,42,1.0,161,calibration,/kaggle/input/datasets/ipythonx/mvtec-ad/tile/train/good/035.png,0,good,
tile,42,1.0,161,calibration,/kaggle/input/datasets/ipythonx/mvtec-ad/tile/train/good/077.png,0,good,
tile,42,1.0,161,calibration,/kaggle/input/datasets/ipythonx/mvtec-ad/tile/train/good/182.png,0,good,
tile,42,1.0,161,calibration,/kaggle/input/datasets/ipythonx/mvtec-ad/tile/train/good/049.png,0,good,
tile,42,1.0,161,calibration,/kaggle/input/datasets/ipythonx/mvtec-ad/tile/train/good/006.png,0,good,
tile,42,1.0,161,calibration,/kaggle/input/datasets/ipythonx/mvtec-ad/tile/train/good/102.png,0,good,
tile,42,1.0,161,calibration,/kaggle/input/datasets/ipythonx/mvtec-ad/tile/train/good/175.png,0,good,
tile,42,1.0,161,calibration,/kaggle/input/datasets/ipythonx/mvtec-ad/tile/train/good/139.png,0,good,
tile,42,1.0,161,calibration,/kaggle/input/datasets/ipythonx/mvtec-ad/tile/train/good/212.png,0,good,
tile,42,1.0,161,calibration,/kaggle/input/datasets/ipythonx/mvtec-ad/tile/train/good/041.png,0,good,
tile,42,1.0,161,calibration,/kaggle/input/datasets/ipythonx/mvtec-ad/tile/train/good/110.png,0,good,
tile,42,1.0,161,calibration,/kaggle/input/datasets/ipythonx/mvtec-ad/tile/train/good/022.png,0,good,
tile,42,1.0,161,calibration,/kaggle/input/datasets/ipythonx/mvtec-ad/tile/train/good/019.png,0,good,
tile,42,1.0,161,calibration,/kaggle/input/datasets/ipythonx/mvtec-ad/tile/train/good/163.png,0,good,
tile,42,1.0,161,calibration,/kaggle/input/datasets/ipythonx/mvtec-ad/tile/train/good/064.png,0,good,
tile,42,1.0,161,calibration,/kaggle/input/datasets/ipythonx/mvtec-ad/tile/train/good/047.png,0,good,
tile,42,1.0,161,calibration,/kaggle/input/datasets/ipythonx/mvtec-ad/tile/train/good/113.png,0,good,
tile,42,1.0,161,calibration,/kaggle/input/datasets/ipythonx/mvtec-ad/tile/train/good/140.png,0,good,
tile,42,1.0,161,calibration,/kaggle/input/datasets/ipythonx/mvtec-ad/tile/train/good/181.png,0,good,
tile,42,1.0,161,calibration,/kaggle/input/datasets/ipythonx/mvtec-ad/tile/train/good/014.png,0,good,
tile,42,1.0,161,calibration,/kaggle/input/datasets/ipythonx/mvtec-ad/tile/train/good/141.png,0,good,
tile,42,1.0,161,calibration,/kaggle/input/datasets/ipythonx/mvtec-ad/tile/train/good/194.png,0,good,
tile,42,1.0,161,calibration,/kaggle/input/datasets/ipythonx/mvtec-ad/tile/train/good/036.png,0,good,
tile,42,1.0,161,calibration,/kaggle/input/datasets/ipythonx/mvtec-ad/tile/train/good/097.png,0,good,
tile,42,1.0,161,calibration,/kaggle/input/datasets/ipythonx/mvtec-ad/tile/train/good/193.png,0,good,
tile,42,1.0,161,calibration,/kaggle/input/datasets/ipythonx/mvtec-ad/tile/train/good/205.png,0,good,
tile,42,1.0,161,calibration,/kaggle/input/datasets/ipythonx/mvtec-ad/tile/train/good/136.png,0,good,
tile,42,1.0,161,test,/kaggle/input/datasets/ipythonx/mvtec-ad/tile/test/crack/000.png,1,crack,/kaggle/input/datasets/ipythonx/mvtec-ad/tile/ground_truth/crack/000_mask.png
tile,42,1.0,161,test,/kaggle/input/datasets/ipythonx/mvtec-ad/tile/test/crack/001.png,1,crack,/kaggle/input/datasets/ipythonx/mvtec-ad/tile/ground_truth/crack/001_mask.png
tile,42,1.0,161,test,/kaggle/input/datasets/ipythonx/mvtec-ad/tile/test/crack/002.png,1,crack,/kaggle/input/datasets/ipythonx/mvtec-ad/tile/ground_truth/crack/002_mask.png
tile,42,1.0,161,test,/kaggle/input/datasets/ipythonx/mvtec-ad/tile/test/crack/003.png,1,crack,/kaggle/input/datasets/ipythonx/mvtec-ad/tile/ground_truth/crack/003_mask.png
tile,42,1.0,161,test,/kaggle/input/datasets/ipythonx/mvtec-ad/tile/test/crack/004.png,1,crack,/kaggle/input/datasets/ipythonx/mvtec-ad/tile/ground_truth/crack/004_mask.png
tile,42,1.0,161,test,/kaggle/input/datasets/ipythonx/mvtec-ad/tile/test/crack/005.png,1,crack,/kaggle/input/datasets/ipythonx/mvtec-ad/tile/ground_truth/crack/005_mask.png
tile,42,1.0,161,test,/kaggle/input/datasets/ipythonx/mvtec-ad/tile/test/crack/006.png,1,crack,/kaggle/input/datasets/ipythonx/mvtec-ad/tile/ground_truth/crack/006_mask.png
tile,42,1.0,161,test,/kaggle/input/datasets/ipythonx/mvtec-ad/tile/test/crack/007.png,1,crack,/kaggle/input/datasets/ipythonx/mvtec-ad/tile/ground_truth/crack/007_mask.png
tile,42,1.0,161,test,/kaggle/input/datasets/ipythonx/mvtec-ad/tile/test/crack/008.png,1,crack,/kaggle/input/datasets/ipythonx/mvtec-ad/tile/ground_truth/crack/008_mask.png
tile,42,1.0,161,test,/kaggle/input/datasets/ipythonx/mvtec-ad/tile/test/crack/009.png,1,crack,/kaggle/input/datasets/ipythonx/mvtec-ad/tile/ground_truth/crack/009_mask.png
tile,42,1.0,161,test,/kaggle/input/datasets/ipythonx/mvtec-ad/tile/test/crack/010.png,1,crack,/kaggle/input/datasets/ipythonx/mvtec-ad/tile/ground_truth/crack/010_mask.png
tile,42,1.0,161,test,/kaggle/input/datasets/ipythonx/mvtec-ad/tile/test/crack/011.png,1,crack,/kaggle/input/datasets/ipythonx/mvtec-ad/tile/ground_truth/crack/011_mask.png
tile,42,1.0,161,test,/kaggle/input/datasets/ipythonx/mvtec-ad/tile/test/crack/012.png,1,crack,/kaggle/input/datasets/ipythonx/mvtec-ad/tile/ground_truth/crack/012_mask.png
tile,42,1.0,161,test,/kaggle/input/datasets/ipythonx/mvtec-ad/tile/test/crack/013.png,1,crack,/kaggle/input/datasets/ipythonx/mvtec-ad/tile/ground_truth/crack/013_mask.png
tile,42,1.0,161,test,/kaggle/input/datasets/ipythonx/mvtec-ad/tile/test/crack/014.png,1,crack,/kaggle/input/datasets/ipythonx/mvtec-ad/tile/ground_truth/crack/014_mask.png
tile,42,1.0,161,test,/kaggle/input/datasets/ipythonx/mvtec-ad/tile/test/crack/015.png,1,crack,/kaggle/input/datasets/ipythonx/mvtec-ad/tile/ground_truth/crack/015_mask.png
tile,42,1.0,161,test,/kaggle/input/datasets/ipythonx/mvtec-ad/tile/test/crack/016.png,1,crack,/kaggle/input/datasets/ipythonx/mvtec-ad/tile/ground_truth/crack/016_mask.png
tile,42,1.0,161,test,/kaggle/input/datasets/ipythonx/mvtec-ad/tile/test/glue_strip/000.png,1,glue_strip,/kaggle/input/datasets/ipythonx/mvtec-ad/tile/ground_truth/glue_strip/000_mask.png
tile,42,1.0,161,test,/kaggle/input/datasets/ipythonx/mvtec-ad/tile/test/glue_strip/001.png,1,glue_strip,/kaggle/input/datasets/ipythonx/mvtec-ad/tile/ground_truth/glue_strip/001_mask.png
tile,42,1.0,161,test,/kaggle/input/datasets/ipythonx/mvtec-ad/tile/test/glue_strip/002.png,1,glue_strip,/kaggle/input/datasets/ipythonx/mvtec-ad/tile/ground_truth/glue_strip/002_mask.png
tile,42,1.0,161,test,/kaggle/input/datasets/ipythonx/mvtec-ad/tile/test/glue_strip/003.png,1,glue_strip,/kaggle/input/datasets/ipythonx/mvtec-ad/tile/ground_truth/glue_strip/003_mask.png
tile,42,1.0,161,test,/kaggle/input/datasets/ipythonx/mvtec-ad/tile/test/glue_strip/004.png,1,glue_strip,/kaggle/input/datasets/ipythonx/mvtec-ad/tile/ground_truth/glue_strip/004_mask.png
tile,42,1.0,161,test,/kaggle/input/datasets/ipythonx/mvtec-ad/tile/test/glue_strip/005.png,1,glue_strip,/kaggle/input/datasets/ipythonx/mvtec-ad/tile/ground_truth/glue_strip/005_mask.png
tile,42,1.0,161,test,/kaggle/input/datasets/ipythonx/mvtec-ad/tile/test/glue_strip/006.png,1,glue_strip,/kaggle/input/datasets/ipythonx/mvtec-ad/tile/ground_truth/glue_strip/006_mask.png
tile,42,1.0,161,test,/kaggle/input/datasets/ipythonx/mvtec-ad/tile/test/glue_strip/007.png,1,glue_strip,/kaggle/input/datasets/ipythonx/mvtec-ad/tile/ground_truth/glue_strip/007_mask.png
tile,42,1.0,161,test,/kaggle/input/datasets/ipythonx/mvtec-ad/tile/test/glue_strip/008.png,1,glue_strip,/kaggle/input/datasets/ipythonx/mvtec-ad/tile/ground_truth/glue_strip/008_mask.png
tile,42,1.0,161,test,/kaggle/input/datasets/ipythonx/mvtec-ad/tile/test/glue_strip/009.png,1,glue_strip,/kaggle/input/datasets/ipythonx/mvtec-ad/tile/ground_truth/glue_strip/009_mask.png
tile,42,1.0,161,test,/kaggle/input/datasets/ipythonx/mvtec-ad/tile/test/glue_strip/010.png,1,glue_strip,/kaggle/input/datasets/ipythonx/mvtec-ad/tile/ground_truth/glue_strip/010_mask.png
tile,42,1.0,161,test,/kaggle/input/datasets/ipythonx/mvtec-ad/tile/test/glue_strip/011.png,1,glue_strip,/kaggle/input/datasets/ipythonx/mvtec-ad/tile/ground_truth/glue_strip/011_mask.png
tile,42,1.0,161,test,/kaggle/input/datasets/ipythonx/mvtec-ad/tile/test/glue_strip/012.png,1,glue_strip,/kaggle/input/datasets/ipythonx/mvtec-ad/tile/ground_truth/glue_strip/012_mask.png
tile,42,1.0,161,test,/kaggle/input/datasets/ipythonx/mvtec-ad/tile/test/glue_strip/013.png,1,glue_strip,/kaggle/input/datasets/ipythonx/mvtec-ad/tile/ground_truth/glue_strip/013_mask.png
tile,42,1.0,161,test,/kaggle/input/datasets/ipythonx/mvtec-ad/tile/test/glue_strip/014.png,1,glue_strip,/kaggle/input/datasets/ipythonx/mvtec-ad/tile/ground_truth/glue_strip/014_mask.png
tile,42,1.0,161,test,/kaggle/input/datasets/ipythonx/mvtec-ad/tile/test/glue_strip/015.png,1,glue_strip,/kaggle/input/datasets/ipythonx/mvtec-ad/tile/ground_truth/glue_strip/015_mask.png
tile,42,1.0,161,test,/kaggle/input/datasets/ipythonx/mvtec-ad/tile/test/glue_strip/016.png,1,glue_strip,/kaggle/input/datasets/ipythonx/mvtec-ad/tile/ground_truth/glue_strip/016_mask.png
tile,42,1.0,161,test,/kaggle/input/datasets/ipythonx/mvtec-ad/tile/test/glue_strip/017.png,1,glue_strip,/kaggle/input/datasets/ipythonx/mvtec-ad/tile/ground_truth/glue_strip/017_mask.png
tile,42,1.0,161,test,/kaggle/input/datasets/ipythonx/mvtec-ad/tile/test/good/000.png,0,good,
tile,42,1.0,161,test,/kaggle/input/datasets/ipythonx/mvtec-ad/tile/test/good/001.png,0,good,
tile,42,1.0,161,test,/kaggle/input/datasets/ipythonx/mvtec-ad/tile/test/good/002.png,0,good,
tile,42,1.0,161,test,/kaggle/input/datasets/ipythonx/mvtec-ad/tile/test/good/003.png,0,good,
tile,42,1.0,161,test,/kaggle/input/datasets/ipythonx/mvtec-ad/tile/test/good/004.png,0,good,
tile,42,1.0,161,test,/kaggle/input/datasets/ipythonx/mvtec-ad/tile/test/good/005.png,0,good,
tile,42,1.0,161,test,/kaggle/input/datasets/ipythonx/mvtec-ad/tile/test/good/006.png,0,good,
tile,42,1.0,161,test,/kaggle/input/datasets/ipythonx/mvtec-ad/tile/test/good/007.png,0,good,
tile,42,1.0,161,test,/kaggle/input/datasets/ipythonx/mvtec-ad/tile/test/good/008.png,0,good,
tile,42,1.0,161,test,/kaggle/input/datasets/ipythonx/mvtec-ad/tile/test/good/009.png,0,good,
tile,42,1.0,161,test,/kaggle/input/datasets/ipythonx/mvtec-ad/tile/test/good/010.png,0,good,
tile,42,1.0,161,test,/kaggle/input/datasets/ipythonx/mvtec-ad/tile/test/good/011.png,0,good,
tile,42,1.0,161,test,/kaggle/input/datasets/ipythonx/mvtec-ad/tile/test/good/012.png,0,good,
tile,42,1.0,161,test,/kaggle/input/datasets/ipythonx/mvtec-ad/tile/test/good/013.png,0,good,
tile,42,1.0,161,test,/kaggle/input/datasets/ipythonx/mvtec-ad/tile/test/good/014.png,0,good,
tile,42,1.0,161,test,/kaggle/input/datasets/ipythonx/mvtec-ad/tile/test/good/015.png,0,good,
tile,42,1.0,161,test,/kaggle/input/datasets/ipythonx/mvtec-ad/tile/test/good/016.png,0,good,
tile,42,1.0,161,test,/kaggle/input/datasets/ipythonx/mvtec-ad/tile/test/good/017.png,0,good,
tile,42,1.0,161,test,/kaggle/input/datasets/ipythonx/mvtec-ad/tile/test/good/018.png,0,good,
tile,42,1.0,161,test,/kaggle/input/datasets/ipythonx/mvtec-ad/tile/test/good/019.png,0,good,
tile,42,1.0,161,test,/kaggle/input/datasets/ipythonx/mvtec-ad/tile/test/good/020.png,0,good,
tile,42,1.0,161,test,/kaggle/input/datasets/ipythonx/mvtec-ad/tile/test/good/021.png,0,good,
tile,42,1.0,161,test,/kaggle/input/datasets/ipythonx/mvtec-ad/tile/test/good/022.png,0,good,
tile,42,1.0,161,test,/kaggle/input/datasets/ipythonx/mvtec-ad/tile/test/good/023.png,0,good,
tile,42,1.0,161,test,/kaggle/input/datasets/ipythonx/mvtec-ad/tile/test/good/024.png,0,good,
tile,42,1.0,161,test,/kaggle/input/datasets/ipythonx/mvtec-ad/tile/test/good/025.png,0,good,
tile,42,1.0,161,test,/kaggle/input/datasets/ipythonx/mvtec-ad/tile/test/good/026.png,0,good,
tile,42,1.0,161,test,/kaggle/input/datasets/ipythonx/mvtec-ad/tile/test/good/027.png,0,good,
tile,42,1.0,161,test,/kaggle/input/datasets/ipythonx/mvtec-ad/tile/test/good/028.png,0,good,
tile,42,1.0,161,test,/kaggle/input/datasets/ipythonx/mvtec-ad/tile/test/good/029.png,0,good,
tile,42,1.0,161,test,/kaggle/input/datasets/ipythonx/mvtec-ad/tile/test/good/030.png,0,good,
tile,42,1.0,161,test,/kaggle/input/datasets/ipythonx/mvtec-ad/tile/test/good/031.png,0,good,
tile,42,1.0,161,test,/kaggle/input/datasets/ipythonx/mvtec-ad/tile/test/good/032.png,0,good,
tile,42,1.0,161,test,/kaggle/input/datasets/ipythonx/mvtec-ad/tile/test/gray_stroke/000.png,1,gray_stroke,/kaggle/input/datasets/ipythonx/mvtec-ad/tile/ground_truth/gray_stroke/000_mask.png
tile,42,1.0,161,test,/kaggle/input/datasets/ipythonx/mvtec-ad/tile/test/gray_stroke/001.png,1,gray_stroke,/kaggle/input/datasets/ipythonx/mvtec-ad/tile/ground_truth/gray_stroke/001_mask.png
tile,42,1.0,161,test,/kaggle/input/datasets/ipythonx/mvtec-ad/tile/test/gray_stroke/002.png,1,gray_stroke,/kaggle/input/datasets/ipythonx/mvtec-ad/tile/ground_truth/gray_stroke/002_mask.png
tile,42,1.0,161,test,/kaggle/input/datasets/ipythonx/mvtec-ad/tile/test/gray_stroke/003.png,1,gray_stroke,/kaggle/input/datasets/ipythonx/mvtec-ad/tile/ground_truth/gray_stroke/003_mask.png
tile,42,1.0,161,test,/kaggle/input/datasets/ipythonx/mvtec-ad/tile/test/gray_stroke/004.png,1,gray_stroke,/kaggle/input/datasets/ipythonx/mvtec-ad/tile/ground_truth/gray_stroke/004_mask.png
tile,42,1.0,161,test,/kaggle/input/datasets/ipythonx/mvtec-ad/tile/test/gray_stroke/005.png,1,gray_stroke,/kaggle/input/datasets/ipythonx/mvtec-ad/tile/ground_truth/gray_stroke/005_mask.png
tile,42,1.0,161,test,/kaggle/input/datasets/ipythonx/mvtec-ad/tile/test/gray_stroke/006.png,1,gray_stroke,/kaggle/input/datasets/ipythonx/mvtec-ad/tile/ground_truth/gray_stroke/006_mask.png
tile,42,1.0,161,test,/kaggle/input/datasets/ipythonx/mvtec-ad/tile/test/gray_stroke/007.png,1,gray_stroke,/kaggle/input/datasets/ipythonx/mvtec-ad/tile/ground_truth/gray_stroke/007_mask.png
tile,42,1.0,161,test,/kaggle/input/datasets/ipythonx/mvtec-ad/tile/test/gray_stroke/008.png,1,gray_stroke,/kaggle/input/datasets/ipythonx/mvtec-ad/tile/ground_truth/gray_stroke/008_mask.png
tile,42,1.0,161,test,/kaggle/input/datasets/ipythonx/mvtec-ad/tile/test/gray_stroke/009.png,1,gray_stroke,/kaggle/input/datasets/ipythonx/mvtec-ad/tile/ground_truth/gray_stroke/009_mask.png
tile,42,1.0,161,test,/kaggle/input/datasets/ipythonx/mvtec-ad/tile/test/gray_stroke/010.png,1,gray_stroke,/kaggle/input/datasets/ipythonx/mvtec-ad/tile/ground_truth/gray_stroke/010_mask.png
tile,42,1.0,161,test,/kaggle/input/datasets/ipythonx/mvtec-ad/tile/test/gray_stroke/011.png,1,gray_stroke,/kaggle/input/datasets/ipythonx/mvtec-ad/tile/ground_truth/gray_stroke/011_mask.png
tile,42,1.0,161,test,/kaggle/input/datasets/ipythonx/mvtec-ad/tile/test/gray_stroke/012.png,1,gray_stroke,/kaggle/input/datasets/ipythonx/mvtec-ad/tile/ground_truth/gray_stroke/012_mask.png
tile,42,1.0,161,test,/kaggle/input/datasets/ipythonx/mvtec-ad/tile/test/gray_stroke/013.png,1,gray_stroke,/kaggle/input/datasets/ipythonx/mvtec-ad/tile/ground_truth/gray_stroke/013_mask.png
tile,42,1.0,161,test,/kaggle/input/datasets/ipythonx/mvtec-ad/tile/test/gray_stroke/014.png,1,gray_stroke,/kaggle/input/datasets/ipythonx/mvtec-ad/tile/ground_truth/gray_stroke/014_mask.png
tile,42,1.0,161,test,/kaggle/input/datasets/ipythonx/mvtec-ad/tile/test/gray_stroke/015.png,1,gray_stroke,/kaggle/input/datasets/ipythonx/mvtec-ad/tile/ground_truth/gray_stroke/015_mask.png
tile,42,1.0,161,test,/kaggle/input/datasets/ipythonx/mvtec-ad/tile/test/oil/000.png,1,oil,/kaggle/input/datasets/ipythonx/mvtec-ad/tile/ground_truth/oil/000_mask.png
tile,42,1.0,161,test,/kaggle/input/datasets/ipythonx/mvtec-ad/tile/test/oil/001.png,1,oil,/kaggle/input/datasets/ipythonx/mvtec-ad/tile/ground_truth/oil/001_mask.png
tile,42,1.0,161,test,/kaggle/input/datasets/ipythonx/mvtec-ad/tile/test/oil/002.png,1,oil,/kaggle/input/datasets/ipythonx/mvtec-ad/tile/ground_truth/oil/002_mask.png
tile,42,1.0,161,test,/kaggle/input/datasets/ipythonx/mvtec-ad/tile/test/oil/003.png,1,oil,/kaggle/input/datasets/ipythonx/mvtec-ad/tile/ground_truth/oil/003_mask.png
tile,42,1.0,161,test,/kaggle/input/datasets/ipythonx/mvtec-ad/tile/test/oil/004.png,1,oil,/kaggle/input/datasets/ipythonx/mvtec-ad/tile/ground_truth/oil/004_mask.png
tile,42,1.0,161,test,/kaggle/input/datasets/ipythonx/mvtec-ad/tile/test/oil/005.png,1,oil,/kaggle/input/datasets/ipythonx/mvtec-ad/tile/ground_truth/oil/005_mask.png
tile,42,1.0,161,test,/kaggle/input/datasets/ipythonx/mvtec-ad/tile/test/oil/006.png,1,oil,/kaggle/input/datasets/ipythonx/mvtec-ad/tile/ground_truth/oil/006_mask.png
tile,42,1.0,161,test,/kaggle/input/datasets/ipythonx/mvtec-ad/tile/test/oil/007.png,1,oil,/kaggle/input/datasets/ipythonx/mvtec-ad/tile/ground_truth/oil/007_mask.png
tile,42,1.0,161,test,/kaggle/input/datasets/ipythonx/mvtec-ad/tile/test/oil/008.png,1,oil,/kaggle/input/datasets/ipythonx/mvtec-ad/tile/ground_truth/oil/008_mask.png
tile,42,1.0,161,test,/kaggle/input/datasets/ipythonx/mvtec-ad/tile/test/oil/009.png,1,oil,/kaggle/input/datasets/ipythonx/mvtec-ad/tile/ground_truth/oil/009_mask.png
tile,42,1.0,161,test,/kaggle/input/datasets/ipythonx/mvtec-ad/tile/test/oil/010.png,1,oil,/kaggle/input/datasets/ipythonx/mvtec-ad/tile/ground_truth/oil/010_mask.png
tile,42,1.0,161,test,/kaggle/input/datasets/ipythonx/mvtec-ad/tile/test/oil/011.png,1,oil,/kaggle/input/datasets/ipythonx/mvtec-ad/tile/ground_truth/oil/011_mask.png
tile,42,1.0,161,test,/kaggle/input/datasets/ipythonx/mvtec-ad/tile/test/oil/012.png,1,oil,/kaggle/input/datasets/ipythonx/mvtec-ad/tile/ground_truth/oil/012_mask.png
tile,42,1.0,161,test,/kaggle/input/datasets/ipythonx/mvtec-ad/tile/test/oil/013.png,1,oil,/kaggle/input/datasets/ipythonx/mvtec-ad/tile/ground_truth/oil/013_mask.png
tile,42,1.0,161,test,/kaggle/input/datasets/ipythonx/mvtec-ad/tile/test/oil/014.png,1,oil,/kaggle/input/datasets/ipythonx/mvtec-ad/tile/ground_truth/oil/014_mask.png
tile,42,1.0,161,test,/kaggle/input/datasets/ipythonx/mvtec-ad/tile/test/oil/015.png,1,oil,/kaggle/input/datasets/ipythonx/mvtec-ad/tile/ground_truth/oil/015_mask.png
tile,42,1.0,161,test,/kaggle/input/datasets/ipythonx/mvtec-ad/tile/test/oil/016.png,1,oil,/kaggle/input/datasets/ipythonx/mvtec-ad/tile/ground_truth/oil/016_mask.png
tile,42,1.0,161,test,/kaggle/input/datasets/ipythonx/mvtec-ad/tile/test/oil/017.png,1,oil,/kaggle/input/datasets/ipythonx/mvtec-ad/tile/ground_truth/oil/017_mask.png
tile,42,1.0,161,test,/kaggle/input/datasets/ipythonx/mvtec-ad/tile/test/rough/000.png,1,rough,/kaggle/input/datasets/ipythonx/mvtec-ad/tile/ground_truth/rough/000_mask.png
tile,42,1.0,161,test,/kaggle/input/datasets/ipythonx/mvtec-ad/tile/test/rough/001.png,1,rough,/kaggle/input/datasets/ipythonx/mvtec-ad/tile/ground_truth/rough/001_mask.png
tile,42,1.0,161,test,/kaggle/input/datasets/ipythonx/mvtec-ad/tile/test/rough/002.png,1,rough,/kaggle/input/datasets/ipythonx/mvtec-ad/tile/ground_truth/rough/002_mask.png
tile,42,1.0,161,test,/kaggle/input/datasets/ipythonx/mvtec-ad/tile/test/rough/003.png,1,rough,/kaggle/input/datasets/ipythonx/mvtec-ad/tile/ground_truth/rough/003_mask.png
tile,42,1.0,161,test,/kaggle/input/datasets/ipythonx/mvtec-ad/tile/test/rough/004.png,1,rough,/kaggle/input/datasets/ipythonx/mvtec-ad/tile/ground_truth/rough/004_mask.png
tile,42,1.0,161,test,/kaggle/input/datasets/ipythonx/mvtec-ad/tile/test/rough/005.png,1,rough,/kaggle/input/datasets/ipythonx/mvtec-ad/tile/ground_truth/rough/005_mask.png
tile,42,1.0,161,test,/kaggle/input/datasets/ipythonx/mvtec-ad/tile/test/rough/006.png,1,rough,/kaggle/input/datasets/ipythonx/mvtec-ad/tile/ground_truth/rough/006_mask.png
tile,42,1.0,161,test,/kaggle/input/datasets/ipythonx/mvtec-ad/tile/test/rough/007.png,1,rough,/kaggle/input/datasets/ipythonx/mvtec-ad/tile/ground_truth/rough/007_mask.png
tile,42,1.0,161,test,/kaggle/input/datasets/ipythonx/mvtec-ad/tile/test/rough/008.png,1,rough,/kaggle/input/datasets/ipythonx/mvtec-ad/tile/ground_truth/rough/008_mask.png
tile,42,1.0,161,test,/kaggle/input/datasets/ipythonx/mvtec-ad/tile/test/rough/009.png,1,rough,/kaggle/input/datasets/ipythonx/mvtec-ad/tile/ground_truth/rough/009_mask.png
tile,42,1.0,161,test,/kaggle/input/datasets/ipythonx/mvtec-ad/tile/test/rough/010.png,1,rough,/kaggle/input/datasets/ipythonx/mvtec-ad/tile/ground_truth/rough/010_mask.png
tile,42,1.0,161,test,/kaggle/input/datasets/ipythonx/mvtec-ad/tile/test/rough/011.png,1,rough,/kaggle/input/datasets/ipythonx/mvtec-ad/tile/ground_truth/rough/011_mask.png
tile,42,1.0,161,test,/kaggle/input/datasets/ipythonx/mvtec-ad/tile/test/rough/012.png,1,rough,/kaggle/input/datasets/ipythonx/mvtec-ad/tile/ground_truth/rough/012_mask.png
tile,42,1.0,161,test,/kaggle/input/datasets/ipythonx/mvtec-ad/tile/test/rough/013.png,1,rough,/kaggle/input/datasets/ipythonx/mvtec-ad/tile/ground_truth/rough/013_mask.png
tile,42,1.0,161,test,/kaggle/input/datasets/ipythonx/mvtec-ad/tile/test/rough/014.png,1,rough,/kaggle/input/datasets/ipythonx/mvtec-ad/tile/ground_truth/rough/014_mask.png
